serial,firstname,lastname,email,phone,message
100,Zia,Buffum,Zia.Buffum@yopmail.com,3599872258,osrBPqzJvXOyltc
101,Angela,Zenas,Angela.Zenas@yopmail.com,9955119195,SmUDPnoYkZZDe
102,Clarice,Tarrant,Clarice.Tarrant@yopmail.com,8900623885,roarxA fYqVV
103,Joelly,Huggins,Joelly.Huggins@yopmail.com,7317299993,TQzlaNvipB
104,Sheelagh,Roche,Sheelagh.Roche@yopmail.com,2317605193,jMYqngyoYzaP
105,Daryl,Old,Daryl.Old@yopmail.com,6442652069,ToZGGFeNqr
106,Rosabelle,Pauly,Rosabelle.Pauly@yopmail.com,5879601126,cGkREoCHHc
107,Hettie,Stevy,Hettie.Stevy@yopmail.com,6855269828,xaPxRFncNXfvO
108,Elka,Sothena,Elka.Sothena@yopmail.com,8210103186,IJAowDXuBfJoqxC
109,Corina,Bari,Corina.Bari@yopmail.com,4900808751,XlVgigVgWSWpBe
110,Thalia,Eiser,Thalia.Eiser@yopmail.com,5767607396,byl gUeiWBH
111,Wileen,Ricarda,Wileen.Ricarda@yopmail.com,2562855669,BiAemgGBVbsG
112,Renae,Tarrant,Renae.Tarrant@yopmail.com,3395660519,BdcmnWJjrHyUAx
113,Gwenneth,Daveta,Gwenneth.Daveta@yopmail.com,6566173313,VtNznWLQQk
114,Jasmina,Ioab,Jasmina.Ioab@yopmail.com,5275674463,pXWodYgSJBZqe
115,Olivette,Garek,Olivette.Garek@yopmail.com,2221660043,NtqLPWJbWXjBZvY
116,Michaelina,Halsey,Michaelina.Halsey@yopmail.com,3118397878,EZpunmIEokDHwqC
117,Carly,Lareena,Carly.Lareena@yopmail.com,9757284065,BwallwisYPTRU
118,Gwenneth,Zaslow,Gwenneth.Zaslow@yopmail.com,2232778361,AxrfscMikTTyh
119,Zaria,Mike,Zaria.Mike@yopmail.com,7489924309,dJ bGoOGfWt
120,Zia,Luhe,Zia.Luhe@yopmail.com,4589936188,OHprETMJIwkUif
121,Mady,LaRue,Mady.LaRue@yopmail.com,9454841946,sMaJzEsQpAGY
122,Tabbatha,Yam,Tabbatha.Yam@yopmail.com,2080404573,hUrR JKEksG WS
123,Tersina,Donell,Tersina.Donell@yopmail.com,5532263024,AzQVeCbghkG
124,Emilia,Longfellow,Emilia.Longfellow@yopmail.com,5110972079,pbckqzAdIQhLs
125,Brana,Alexandr,Brana.Alexandr@yopmail.com,6427618108,TEvxDEhqqTsg
126,Consuela,Ader,Consuela.Ader@yopmail.com,4202148131,HoFBVmBtweM
127,Albertina,Donoghue,Albertina.Donoghue@yopmail.com,4942075087,CCrSfmiFAdenXCh
128,Maisey,Phi,Maisey.Phi@yopmail.com,6820194780,qxVTSiqiEGYsTV
129,Ashlee,Kristi,Ashlee.Kristi@yopmail.com,7209977056,HwmIzAEOfLnBl
130,Consuela,Andrel,Consuela.Andrel@yopmail.com,6697565090,KrTIwcEOecJ
131,Glenda,Nicoline,Glenda.Nicoline@yopmail.com,3692712052,gBlTxDVTvpFQIKK
132,Maud,Jarib,Maud.Jarib@yopmail.com,3929114831,bPdVRPMazme
133,Lynea,Harned,Lynea.Harned@yopmail.com,4722131141,t mcWKolqUja
134,Tierney,Medrek,Tierney.Medrek@yopmail.com,8269976798,tRqHSgQOpyESK
135,Carolina,Hailee,Carolina.Hailee@yopmail.com,2037547463,zkWrysGzic
136,Jany,Faria,Jany.Faria@yopmail.com,5507481985,YkTgEmBbDXhMHc
137,Halette,Angelis,Halette.Angelis@yopmail.com,2644691177,lcMtsiLuan
138,Tressa,Joeann,Tressa.Joeann@yopmail.com,1736150099,mQwdkNc IhzAOwM
139,Andeee,Felecia,Andeee.Felecia@yopmail.com,4825611316,QBAQvKVSUHWnQxw
140,Jobi,Clara,Jobi.Clara@yopmail.com,8483010734,PhvJYNMruDxZTKB
141,Wynne,Dichy,Wynne.Dichy@yopmail.com,7583154239,XfVNEwkSVkdUqD
142,Linzy,Delacourt,Linzy.Delacourt@yopmail.com,6984941772,hZPClHWvnBHnc
143,Livvyy,Ummersen,Livvyy.Ummersen@yopmail.com,9119241504,ERtXRzyHUYcY
144,Sue,Stephie,Sue.Stephie@yopmail.com,7174056334,mVSAzpuRpuDtlJ
145,Tami,Hepsibah,Tami.Hepsibah@yopmail.com,5998274021,vipCMTtoyoeS
146,Ida,Eachern,Ida.Eachern@yopmail.com,3450853955,bBAEwOaCAU
147,Babita,Kronfeld,Babita.Kronfeld@yopmail.com,5266788255,DppSLFrxPynC
148,Kara-Lynn,Hortensia,Kara-Lynn.Hortensia@yopmail.com,7469965916,YWyBLCVNmyvPQr
149,Dorice,Yam,Dorice.Yam@yopmail.com,4977089138,VPxHjTHYGaxdaiA
150,Dulcinea,Bigner,Dulcinea.Bigner@yopmail.com,6549627558,YQgyLzVNJUyI
151,Ardys,Duwalt,Ardys.Duwalt@yopmail.com,2008201339,ZzMOIZlZCI
152,Eolanda,Magnolia,Eolanda.Magnolia@yopmail.com,9486873295,NTBXoNuzrwm
153,Maisey,Alva,Maisey.Alva@yopmail.com,3228113837,sJDoEqmRLuNnI
154,Tobe,Couture,Tobe.Couture@yopmail.com,9054850857,vqnhErdaCUOQoJu
155,Mignon,Bach,Mignon.Bach@yopmail.com,6042426265,iLXOBYpPrAuBvLe
156,Karly,Rad,Karly.Rad@yopmail.com,2999645232, VgFnSJPnDKicP
157,Tarra,Dearborn,Tarra.Dearborn@yopmail.com,1175495667,KHfR IbAEa
158,Imojean,Bebe,Imojean.Bebe@yopmail.com,2386059683,DtdXuRfNdP
159,Vinita,Swanhildas,Vinita.Swanhildas@yopmail.com,5043978774,K ROKgfNZhbR
160,Nerta,Ax,Nerta.Ax@yopmail.com,6556501947,UDtzIXzIoPr
161,Roseline,Hoenack,Roseline.Hoenack@yopmail.com,6641904440,ApvFdMTFblVMsW
162,Nariko,Cristi,Nariko.Cristi@yopmail.com,4617554224,JiPqTAQbaqXM
163,Ida,Erb,Ida.Erb@yopmail.com,6587506633,OYGatxGk HyZd
164,Edyth,Pozzy,Edyth.Pozzy@yopmail.com,2622137650,WSYupzaVgvmzoCn
165,Chastity,Riordan,Chastity.Riordan@yopmail.com,1243286005,aUFkKlJnROkVb
166,Zia,Juan,Zia.Juan@yopmail.com,5590263869,fTeGIqaonROshf
167,Shel,Darrell,Shel.Darrell@yopmail.com,1779530202,fUJxIxArLY D
168,Deloria,Lail,Deloria.Lail@yopmail.com,5814629840,HborMGGTvb
169,Cyb,Tannie,Cyb.Tannie@yopmail.com,4125080886,AEUVlJuYhtn
170,Corene,Cecile,Corene.Cecile@yopmail.com,4521749509,ZgafimsxcwbUZX
171,Jacenta,Briney,Jacenta.Briney@yopmail.com,1623227658,USinuZuke UTzI
172,Tressa,Desai,Tressa.Desai@yopmail.com,5560429427,XaeQZloTSjslnsD
173,Aaren,Wyn,Aaren.Wyn@yopmail.com,3649001859,aVkP KhkZQ
174,Margalo,Fabiola,Margalo.Fabiola@yopmail.com,2398553951,OXDGCWmEaNruwcg
175,Pollyanna,Lane,Pollyanna.Lane@yopmail.com,3527984154,VtPkECbobH
176,Fred,Sallyann,Fred.Sallyann@yopmail.com,8347573098,PZOdgKCxwY
177,Dianemarie,Dorothy,Dianemarie.Dorothy@yopmail.com,5845546368,QeedhSaUsDUQW
178,Arabel,Orlene,Arabel.Orlene@yopmail.com,4552331301,OtedrpWrbl
179,Margalo,Henrie,Margalo.Henrie@yopmail.com,6951230015,zKgXUMWhWTOZ
180,Annaliese,Odysseus,Annaliese.Odysseus@yopmail.com,7727087508,MHKnUdehcdmT
181,Mahalia,Lindemann,Mahalia.Lindemann@yopmail.com,6145017240,YEGiHufwkVygB
182,Nicoli,Gower,Nicoli.Gower@yopmail.com,4962402628,lAtJPiPYDCmfY
183,Jackie,Fry,Jackie.Fry@yopmail.com,7874288071,XsndSgBsUGsh
184,Bill,Shama,Bill.Shama@yopmail.com,3960190604,IXyzbnCBnC
185,Ebonee,Albertine,Ebonee.Albertine@yopmail.com,8994666932,bHBEIYCImAUiAtB
186,Katuscha,Pettiford,Katuscha.Pettiford@yopmail.com,4694914952,vxTMrWdGAwugiu
187,Karena,Berard,Karena.Berard@yopmail.com,3484575096,MQgnAvdraqAcE
188,Robinia,Saunderson,Robinia.Saunderson@yopmail.com,5939253066,C afCVwlxCTOu
189,Atlanta,Warthman,Atlanta.Warthman@yopmail.com,2480875269,IfHpxinqeQYRca
190,Tybie,Brotherson,Tybie.Brotherson@yopmail.com,7317658355,NYXEPKGdQdCNaOf
191,Christal,Annice,Christal.Annice@yopmail.com,7630626166,hdFpuccbdeiRsQ
192,Margette,Dash,Margette.Dash@yopmail.com,8515661529,MmnfeRlwIrNKmc
193,Carol-Jean,Johanna,Carol-Jean.Johanna@yopmail.com,5701865018,DTcYSkKBFk
194,Judy,Madelene,Judy.Madelene@yopmail.com,1423294526,bMowWElXgQSJV
195,Mildrid,Elo,Mildrid.Elo@yopmail.com,3771968328,iZavgewDcrfAtw
196,Catrina,Sallyann,Catrina.Sallyann@yopmail.com,2104884495,rDJvanRXbrCLu
197,Brietta,Philipp,Brietta.Philipp@yopmail.com,5181610967,CvwRbvFSEXpmPt
198,Angelique,Marisa,Angelique.Marisa@yopmail.com,6570109180,tpswkSNhUAkv
199,Marjie,Ethban,Marjie.Ethban@yopmail.com,3784720530,i XXlj KMqX
200,Liana,Swigart,Liana.Swigart@yopmail.com,2325681126,GDxXffcevh
201,Corene,Hailee,Corene.Hailee@yopmail.com,1645800059,hcDZzNCywDdZ
202,Siana,Ardeha,Siana.Ardeha@yopmail.com,6237922351,UdBaNHoSoCuosxO
203,Jobi,Sherfield,Jobi.Sherfield@yopmail.com,4538757225,lfiPxqPDifHSEsS
204,Ricky,Cutlerr,Ricky.Cutlerr@yopmail.com,6774199760,zNPCHGiASSTKS
205,Alyda,Goldina,Alyda.Goldina@yopmail.com,3248305294,YPaDC lfzeDPtmn
206,Heddie,Rooney,Heddie.Rooney@yopmail.com,7209462014,wlNhLADSXKYbm
207,Justinn,Voletta,Justinn.Voletta@yopmail.com,6530210641,hGQzuCBbgoZNsb
208,Kaja,Clara,Kaja.Clara@yopmail.com,5855683587,dRUFusx QJ
209,Charmaine,Linehan,Charmaine.Linehan@yopmail.com,2233304933,nWQJiWTVlpPyP
210,Babita,Shuler,Babita.Shuler@yopmail.com,5171414066,ZqLqpdxIDeErg
211,Thalia,Erskine,Thalia.Erskine@yopmail.com,1993843973,fcsNbLFFpxcLAH
212,Farrah,Erminia,Farrah.Erminia@yopmail.com,2222023225,dArPkez sWDAGQ
213,Glynnis,Redmond,Glynnis.Redmond@yopmail.com,2029078510,vUpNWcjwbU
214,Letizia,Rad,Letizia.Rad@yopmail.com,5586052620,UvAGKySQiY
215,Glynnis,Chinua,Glynnis.Chinua@yopmail.com,6995734855,GlEYPWYrqUwn
216,Shaylyn,Pascia,Shaylyn.Pascia@yopmail.com,7328842678,ZCqaLnUocKnPXxS
217,Dawn,Vernier,Dawn.Vernier@yopmail.com,9421679658,HMSlrTOOdgawAYn
218,Jaime,Joli,Jaime.Joli@yopmail.com,8576099834,QpYpWkZdgTDM
219,Hayley,Peg,Hayley.Peg@yopmail.com,1399446220,fTQTrfsiFMtuC
220,Hermione,Pandolfi,Hermione.Pandolfi@yopmail.com,7998224497,EteZPtjzvIGw
221,Odessa,Diann,Odessa.Diann@yopmail.com,7436872813,McoSPvHeCvwy
222,Benita,Dosia,Benita.Dosia@yopmail.com,4451385264,yTCWAbWsp BmQc
223,Cindelyn,Mozelle,Cindelyn.Mozelle@yopmail.com,8893353273,AJAYDUcvVWFkSSr
224,Danika,Dyche,Danika.Dyche@yopmail.com,7683871487,NIzTQuoSUoc uo
225,Siana,Thad,Siana.Thad@yopmail.com,1604579652,QVWuGPvpteq
226,Marylou,Chauncey,Marylou.Chauncey@yopmail.com,7127208411,DNUBNcHgEHL
227,Brooks,Anderea,Brooks.Anderea@yopmail.com,6242969465,ABwdqsNKJHV VN
228,Dorice,Gahl,Dorice.Gahl@yopmail.com,4523709687,XBhmoVFFVsB
229,Tani,Vanni,Tani.Vanni@yopmail.com,6348156889,urPlmfJLZylf
230,Althea,Bertold,Althea.Bertold@yopmail.com,7313381043,ThoynQmgUvKSGms
231,Lexine,Drus,Lexine.Drus@yopmail.com,6150273992,XjNbOQkAUSEIs
232,Kassey,Ledah,Kassey.Ledah@yopmail.com,6610736660,EZdhyExlzOtH
233,Andeee,Jacobah,Andeee.Jacobah@yopmail.com,6233145274,qxatJrtlDBHWy
234,Fawne,Kauppi,Fawne.Kauppi@yopmail.com,5980543132,hUOldwgRxsahet
235,Jackie,Linskey,Jackie.Linskey@yopmail.com,5910017944,hwyssiuejpvS
236,Neila,Ashok,Neila.Ashok@yopmail.com,4186737805,LJGusDDKJUByK
237,Shauna,Odell,Shauna.Odell@yopmail.com,1952328278,hZUjDCXNwU
238,Almeta,Merriott,Almeta.Merriott@yopmail.com,6292074814,REROEeJZpz
239,Barbara,Robertson,Barbara.Robertson@yopmail.com,3917500450,hayIooVOoRiJhU
240,Annaliese,Rona,Annaliese.Rona@yopmail.com,5911116453,FghzVWhZCI
241,Janeczka,Arley,Janeczka.Arley@yopmail.com,8307901329,zyuaxG ArIXYNHk
242,Christy,Kussell,Christy.Kussell@yopmail.com,8331922834,KWSeRaeyjz
243,Minne,Roche,Minne.Roche@yopmail.com,2404092794,sGFVomOhuki
244,Dorothy,Armanda,Dorothy.Armanda@yopmail.com,8558386222,fFFeManHWTPYo
245,Hollie,Ferino,Hollie.Ferino@yopmail.com,3647451250,vJCgmVKWZQoj
246,Allis,Tillford,Allis.Tillford@yopmail.com,5130184086,XsJVWMzCwrFcc
247,Gusty,Cristi,Gusty.Cristi@yopmail.com,5101600947,wiVeNqGBTod
248,Maurene,Toor,Maurene.Toor@yopmail.com,4108322990,QYOqbqGlIKSyND
249,Raquela,Oriana,Raquela.Oriana@yopmail.com,7674877519,IchUSFswpsDgRUc
250,Meg,Bari,Meg.Bari@yopmail.com,2960876735, lDAGvvlMtFlArV
251,Charissa,Bivins,Charissa.Bivins@yopmail.com,9095131927,De JSjMbhfE
252,Lauryn,Tjon,Lauryn.Tjon@yopmail.com,7557587741,MiSQc ncslO
253,Justinn,Melony,Justinn.Melony@yopmail.com,6551663827,JgeLZznZfeHnhTo
254,Marnia,Kussell,Marnia.Kussell@yopmail.com,9957776484,r LpHGrWfq
255,Carmencita,Rolf,Carmencita.Rolf@yopmail.com,9356278258,QNLJhAhSLybKi
256,Netty,Hartnett,Netty.Hartnett@yopmail.com,1592360189,djbABAORQewwhOP
257,Ronna,Cyrie,Ronna.Cyrie@yopmail.com,1625606952,ycLtwppzwyJItM
258,Cathyleen,Halsey,Cathyleen.Halsey@yopmail.com,8346580790,rTFyjCqdrvxgF
259,Elka,Erb,Elka.Erb@yopmail.com,6495108697,DttPCboTWbOV
260,Goldie,Seessel,Goldie.Seessel@yopmail.com,7310353816,hHGzFpZLBYqvx
261,Annabela,Modie,Annabela.Modie@yopmail.com,6783422048,P HQMNyquxSBhj
262,Correy,Campball,Correy.Campball@yopmail.com,6222201454,uEzQqfTCdgZFXjk
263,Orelia,Karna,Orelia.Karna@yopmail.com,3361737590, qMwFtzCPANB
264,Arlina,Klemperer,Arlina.Klemperer@yopmail.com,9075516002,vPfOhHPAtKWT
265,Bill,Othilia,Bill.Othilia@yopmail.com,6304939761,ogytimktvFH
266,Bee,Hourigan,Bee.Hourigan@yopmail.com,7948606519,TVLdgidQCu
267,Aurore,Stanwood,Aurore.Stanwood@yopmail.com,2331065451,VAKbZOtOwGeww t
268,Carly,Sidonius,Carly.Sidonius@yopmail.com,9608506937,XxKnrWIdgy
269,Nicoli,Merna,Nicoli.Merna@yopmail.com,8908769559,ncucnMnkRwleYE
270,Joelly,Old,Joelly.Old@yopmail.com,1589023972,x VQtrQPSJ
271,Kathi,Juan,Kathi.Juan@yopmail.com,3617568562,qmviUtcalovLL
272,Keelia,Iphlgenia,Keelia.Iphlgenia@yopmail.com,7181795818,UhAOUHJSHW
273,Jenda,Buckler,Jenda.Buckler@yopmail.com,3834358969,nRMOEnFCfs
274,Jenda,Toor,Jenda.Toor@yopmail.com,5381615799,WBKzhcbgmaxVF
275,Amara,Isacco,Amara.Isacco@yopmail.com,5111277156,OubhxmQYXY
276,Korrie,Goode,Korrie.Goode@yopmail.com,7291803047,ZraHlZRMqmB
277,Aaren,Douglass,Aaren.Douglass@yopmail.com,7921811062,YCFnoaFipRwPxqU
278,Lita,Bakerman,Lita.Bakerman@yopmail.com,3249094152,yQkUrINITLt
279,Elena,Rustice,Elena.Rustice@yopmail.com,1284518631,iXMGTzVyDm cb
280,Marsiella,Jehu,Marsiella.Jehu@yopmail.com,5108004463,cfbbRylSFLWP
281,Cam,Elbertina,Cam.Elbertina@yopmail.com,8216021668,YHAPkuAEqnuZvrQ
282,Anallese,Bebe,Anallese.Bebe@yopmail.com,6534756021,RjhmciZjP C iS
283,Yetty,Ingra,Yetty.Ingra@yopmail.com,7201002508,fnkvOVcSlNDzuau
284,Eolanda,Rurik,Eolanda.Rurik@yopmail.com,6314074103,bUGFqMX KTxo
285,Fredericka,Gualtiero,Fredericka.Gualtiero@yopmail.com,8465313857,RmUJnEXPTETHkn
286,Cristabel,Koehler,Cristabel.Koehler@yopmail.com,5494786594,dlgskKtvTh
287,Emma,Joli,Emma.Joli@yopmail.com,4335514062,bTvvHRJnZbn
288,Dianemarie,Modie,Dianemarie.Modie@yopmail.com,3772607701,nZkqjsRmRBq
289,Louella,Audly,Louella.Audly@yopmail.com,4535693106,IGsotfLRJQarQrC
290,Zondra,Hillel,Zondra.Hillel@yopmail.com,9921843017,IcyToSNITrQFtx 
291,Darci,Georgy,Darci.Georgy@yopmail.com,5931884561,LrHrztMTyYr
292,Janey,Modie,Janey.Modie@yopmail.com,8471783566,rPpjZzZ mVbuV
293,Donetta,Crudden,Donetta.Crudden@yopmail.com,7392249952,XvAPRZPaPMBAmzQ
294,Emelina,Lumbard,Emelina.Lumbard@yopmail.com,7222654578,MFDVlNLcuAu
295,Patricia,Fiester,Patricia.Fiester@yopmail.com,3071949212,HyDHrIlijUxbd
296,Elmira,Orpah,Elmira.Orpah@yopmail.com,1903283235,zFRL HyBXsIIc
297,Kimmy,Alejoa,Kimmy.Alejoa@yopmail.com,6349891264,MwQbcnmntW
298,Teriann,Drisko,Teriann.Drisko@yopmail.com,8097350785,IYitPaqiSfwMRY
299,Katleen,Pulsifer,Katleen.Pulsifer@yopmail.com,8544629756,ACRkcMLviHIeIpu
300,Leona,Liva,Leona.Liva@yopmail.com,6051188077,yxEV txcBfrrYE
301,Nicoli,Fancie,Nicoli.Fancie@yopmail.com,6963927311,PDsZFqJTTtF u
302,Cyndie,Longfellow,Cyndie.Longfellow@yopmail.com,6937670499,ZcV exOTyYFubgP
303,Adele,Gordon,Adele.Gordon@yopmail.com,6714619024,bLp WbWlzYKOX
304,Dagmar,Rhu,Dagmar.Rhu@yopmail.com,9545469676,bPocLfWFWRQ
305,Kayla,Pozzy,Kayla.Pozzy@yopmail.com,9837825930,ryAmjLyTgSl
306,Gabriellia,Donell,Gabriellia.Donell@yopmail.com,9828531366,pmkqNWwXQsj
307,Rivalee,Pyle,Rivalee.Pyle@yopmail.com,3818416161,rZPo NNSGkc
308,Kelly,Nedrud,Kelly.Nedrud@yopmail.com,2414027373,wKGyRvYZpmEbXc 
309,Lauryn,Engdahl,Lauryn.Engdahl@yopmail.com,3668795387,TYAstxDjCiYD
310,Danny,Guthrie,Danny.Guthrie@yopmail.com,4726129278,CqVzQIlAoiL
311,Sidoney,Brodench,Sidoney.Brodench@yopmail.com,8502019599,HxgaLtpTVIH
312,Millie,Cherianne,Millie.Cherianne@yopmail.com,7174461461,UnqmsIqHLn
313,Justinn,Ashok,Justinn.Ashok@yopmail.com,9400373288,wvqXkdPvqHvgVK
314,Felice,Naor,Felice.Naor@yopmail.com,3759787860,pfohdnBgHC
315,Annaliese,Estella,Annaliese.Estella@yopmail.com,1593322153,UdGJNXMzxOvka w
316,Jaime,Hortensia,Jaime.Hortensia@yopmail.com,8955070358,besMkbQfwiL
317,Jacenta,Sholley,Jacenta.Sholley@yopmail.com,8051272068,vpzpFBqrZetl
318,Mamie,Belanger,Mamie.Belanger@yopmail.com,3766065597,RyUVmKEUHtzf
319,Linzy,Ahab,Linzy.Ahab@yopmail.com,9330866580,ctIU SrWAaDle
320,Fred,Kosey,Fred.Kosey@yopmail.com,5933414306,aaYQkVxyNMUoHW
321,Jaime,Hutchison,Jaime.Hutchison@yopmail.com,9797518958,jynzVLWCceC ur
322,Jennica,Himelman,Jennica.Himelman@yopmail.com,5802923961,XRwrEOfzoulcwE
323,Maud,Naor,Maud.Naor@yopmail.com,8833911533,tEJBxGyNJJR
324,Sallie,Kannry,Sallie.Kannry@yopmail.com,6803057921,BAUpVCziPnZg
325,Margette,Donell,Margette.Donell@yopmail.com,2621982990,vgtZqdOzhPFEJv 
326,Selma,Auberbach,Selma.Auberbach@yopmail.com,7800617639,sBwZawuPkP
327,Nananne,Lattie,Nananne.Lattie@yopmail.com,1805927771,rWbWEkGGSnUo
328,Albertina,Alice,Albertina.Alice@yopmail.com,5223355334,yxCAJUzgtpizu
329,Shaylyn,Stilwell,Shaylyn.Stilwell@yopmail.com,6209323764,mTyaqvQLNyLz
330,Sibella,Leifeste,Sibella.Leifeste@yopmail.com,9351184918,iPMloIJDVf
331,Mara,Chem,Mara.Chem@yopmail.com,2697989260,KmgPtQERxXjKiBY
332,Yetty,Giule,Yetty.Giule@yopmail.com,6781562706,JnXQaoJcPI
333,Corry,Millda,Corry.Millda@yopmail.com,5517079360,bwyjawumMdL
334,Nadine,Macey,Nadine.Macey@yopmail.com,3218971221,TwiqfjXKjunQ
335,Elsie,Jary,Elsie.Jary@yopmail.com,6553411540,VM hVHkCTsCOn
336,Yolane,Kazimir,Yolane.Kazimir@yopmail.com,9950412914,uwEoZjIkiCcv
337,Tani,Ricki,Tani.Ricki@yopmail.com,3189508755,ZVzEEFScFfkRIvb
338,Leia,Ursulette,Leia.Ursulette@yopmail.com,1548792267,jIZfvZFtZY kAJ
339,Nyssa,Armanda,Nyssa.Armanda@yopmail.com,2557040463,YOvFtmDSRYaL
340,Tamqrah,Vacuva,Tamqrah.Vacuva@yopmail.com,5603093950,mWpCXksKbmoqV
341,Joy,Kannry,Joy.Kannry@yopmail.com,5811145330,QNjeROFDsleoOua
342,Kimmy,Sikorski,Kimmy.Sikorski@yopmail.com,9342399311,UOPuVqCILvOo
343,Kial,Wind,Kial.Wind@yopmail.com,2166223767,xRqEsWOplNXlC
344,Drucie,Delila,Drucie.Delila@yopmail.com,9919987069,pNwWmzZQpw
345,Rubie,Lail,Rubie.Lail@yopmail.com,7422938827,hcJafARKgV qlyT
346,Carlie,Chem,Carlie.Chem@yopmail.com,8945898165,OUQhHFMkvbONKdq
347,Elbertina,Erich,Elbertina.Erich@yopmail.com,4623114402,wfHWvRwyTHrOsM
348,Maryellen,Ulphia,Maryellen.Ulphia@yopmail.com,3744301146,cUyMeoIc yz
349,Fredericka,Peg,Fredericka.Peg@yopmail.com,8936823008,L DznUMeQX
350,Lizzie,Kronfeld,Lizzie.Kronfeld@yopmail.com,9444457562,HvVDvaDHnA
351,Nollie,Baptlsta,Nollie.Baptlsta@yopmail.com,2246823734,cXChVyFQUUpkI
352,Alia,Phaidra,Alia.Phaidra@yopmail.com,7544296055,d sOpWZBhaHdCj
353,Marsiella,Schlosser,Marsiella.Schlosser@yopmail.com,8695408563,MjLwoMbnnMYnzIz
354,Susette,Goddard,Susette.Goddard@yopmail.com,7869647400,NqrtUZTzcUSdrLf
355,Paulita,Vittoria,Paulita.Vittoria@yopmail.com,7027472510,vjuhyOUPuzTCT
356,Charmaine,Rurik,Charmaine.Rurik@yopmail.com,8192714898,swZKXZJiLPqGDO
357,Katuscha,Calhoun,Katuscha.Calhoun@yopmail.com,2226522205,oHLuqDHsbNxv
358,Jessy,Helfand,Jessy.Helfand@yopmail.com,6678777978,sZOViiaugBESf
359,Audrie,Ashok,Audrie.Ashok@yopmail.com,3135410054,DtEsHjoYJPwwtl
360,Rosanne,Corabella,Rosanne.Corabella@yopmail.com,7300011521,YxZRHXzcquogeC
361,Tressa,MacIntosh,Tressa.MacIntosh@yopmail.com,8428279928,qtUIrCAIOZ
362,Imojean,Dyche,Imojean.Dyche@yopmail.com,3910170370,hqHCKYxYGrDr
363,Aimil,Judye,Aimil.Judye@yopmail.com,4485089777,jALcFJHmTFnBeu
364,Hannis,Colyer,Hannis.Colyer@yopmail.com,9546757835,ZrXVBkefeZlrEm
365,Sibella,Bryna,Sibella.Bryna@yopmail.com,7919994120,yUxxtdFtQlAOC
366,Brietta,Salvidor,Brietta.Salvidor@yopmail.com,6177766858,HgwDTSBXOXjyAb
367,Damaris,Gaspard,Damaris.Gaspard@yopmail.com,8102470881,VhLkiZxhwNwU
368,Flo,Yusuk,Flo.Yusuk@yopmail.com,1150685058,Cd pIIjeHVYOSHO
369,Orsola,Breed,Orsola.Breed@yopmail.com,5645620732,pc YPGuqJXwcmEW
370,Violet,Xerxes,Violet.Xerxes@yopmail.com,4480122618,szLEHJjqkm
371,Correy,Tristram,Correy.Tristram@yopmail.com,1936629316,rpBPxGQPVF 
372,Maridel,Hanleigh,Maridel.Hanleigh@yopmail.com,9134606891,QpnwVyfCgTLJuG
373,Lenna,Riva,Lenna.Riva@yopmail.com,5460264823,ExWWxAXKWM
374,Lindie,Lay,Lindie.Lay@yopmail.com,7143490040, NcxwXOgEldD
375,Karlee,Uund,Karlee.Uund@yopmail.com,2112640887,YtPUfkpNkgX
376,Lita,Buttaro,Lita.Buttaro@yopmail.com,1664398914,LSgW LgVUIz
377,Mignon,Lilybelle,Mignon.Lilybelle@yopmail.com,5298687728,cGgyLAZGLgUxjP
378,Roz,Durware,Roz.Durware@yopmail.com,4069358850,LdAiskQiRm cb
379,Rozele,Johanna,Rozele.Johanna@yopmail.com,2454900489,HrEvcoMmYON
380,Edyth,Jehu,Edyth.Jehu@yopmail.com,3624577407,WvNlpHoryFRBk
381,Britni,Naashom,Britni.Naashom@yopmail.com,7040740409,fPLENvHAuyH
382,Meghann,Sherrie,Meghann.Sherrie@yopmail.com,6817977164,fomiIXYBXe
383,Daphne,Faro,Daphne.Faro@yopmail.com,6308769595,Uv uttlyVJSlN
384,Melina,Fleeta,Melina.Fleeta@yopmail.com,7708071032,klhGVTWYlFxADnE
385,Cathyleen,Gwenore,Cathyleen.Gwenore@yopmail.com,5810290573,ZBJQTIYnBjHyEgr
386,Wilma,Hillel,Wilma.Hillel@yopmail.com,6390421051,uXCXULPUvFo
387,Marika,An,Marika.An@yopmail.com,1664344216,RjmvLCcOXaWmelN
388,Felice,Craggie,Felice.Craggie@yopmail.com,6596438730,FFMKUeyedZ
389,Ann-Marie,Belanger,Ann-Marie.Belanger@yopmail.com,2420834988,NKIBorajblwQAl
390,Feliza,Revkah,Feliza.Revkah@yopmail.com,2273941720,KSFdDylvGiZHWHr
391,Elvira,Georgy,Elvira.Georgy@yopmail.com,8144097786,sMroBuGyJjDpG
392,Elka,Salchunas,Elka.Salchunas@yopmail.com,1136220399,drXNrqvlQGwWP
393,Maud,Kare,Maud.Kare@yopmail.com,3579426248,SsdevTimcprXB
394,Chrystel,Jaylene,Chrystel.Jaylene@yopmail.com,3585918831,mAdNAndYAPcm
395,Stevana,Skell,Stevana.Skell@yopmail.com,8748026239,RClesnTVPcsKi
396,Antonietta,Kristi,Antonietta.Kristi@yopmail.com,7116357333,zncrSAOETE
397,Desirae,Bashemeth,Desirae.Bashemeth@yopmail.com,7241662251,CDnqoMrkpbus
398,Kirstin,Mintz,Kirstin.Mintz@yopmail.com,5348262399,hxMvehYATGlAP
399,Andeee,Artie,Andeee.Artie@yopmail.com,3979363804,xjKbuLWsq FCu
400,Farrah,Glovsky,Farrah.Glovsky@yopmail.com,8025953984,ESxlhbWQnHc
401,Viki,Kendrick,Viki.Kendrick@yopmail.com,8066998212,FKYTYhmreTe
402,Emelina,McAdams,Emelina.McAdams@yopmail.com,5092215983,FCEFItAjFwuE
403,Dolli,Decato,Dolli.Decato@yopmail.com,1915501688,vqZuLOfQvbfzWCh
404,Emylee,Haerr,Emylee.Haerr@yopmail.com,7983139688,AMklZGoFmpVC
405,Tressa,Donell,Tressa.Donell@yopmail.com,9338907497,OHdIkT PZk
406,Atlanta,Silvan,Atlanta.Silvan@yopmail.com,1334301705,MSFBrbpFBG
407,Tamqrah,Katrine,Tamqrah.Katrine@yopmail.com,3552511186,IweLaVtWEYt
408,Ingrid,Sundin,Ingrid.Sundin@yopmail.com,1863340375,YkhJFwVTOrW
409,Frances,Hewitt,Frances.Hewitt@yopmail.com,5267819730,vjHcZNMCWhh
410,Glenda,McGrody,Glenda.McGrody@yopmail.com,6979688222,jugFPwdqgCRS
411,Veda,Delila,Veda.Delila@yopmail.com,5568992103,sybCzeJiqpWJ
412,Violet,Earlie,Violet.Earlie@yopmail.com,8981493723,kuoSgPVanT
413,Margalo,Dosia,Margalo.Dosia@yopmail.com,6363389607,xjCCNGoAmsADQFc
414,Albertina,Carey,Albertina.Carey@yopmail.com,7489399370,VHZAaiIFVtxaXvJ
415,Alyda,Moina,Alyda.Moina@yopmail.com,3042686252,HfsnwoqVcojQdcA
416,Gilda,Oriana,Gilda.Oriana@yopmail.com,4985966054,BqjyJvBnZeDoXzz
417,Hannis,Hortensia,Hannis.Hortensia@yopmail.com,3420601669,MuDCQmryFmyWz
418,Andeee,Regan,Andeee.Regan@yopmail.com,8476472143,gxkzuIbnuXHbCXt
419,Emylee,MacIntosh,Emylee.MacIntosh@yopmail.com,3658917285,aAuQTuFLESgK
420,Lorie,Lattie,Lorie.Lattie@yopmail.com,9545413750,OKyTqmjgqOwTyvk
421,Jemie,Gert,Jemie.Gert@yopmail.com,9517767596,YEgkVojeftTsnr
422,Dania,Fosque,Dania.Fosque@yopmail.com,9073259808,VvVaujgKlFcstG
423,Ilse,Bury,Ilse.Bury@yopmail.com,1455053238, mcZBbVkzsIIX
424,Augustine,Odell,Augustine.Odell@yopmail.com,3605931204,nbJJxmGoJnw
425,Daryl,Simmonds,Daryl.Simmonds@yopmail.com,5434425240,txlNTbvBvOgBuAH
426,Evita,Bertold,Evita.Bertold@yopmail.com,1963180568,hWNMkpnyiJlZmJ
427,Elyssa,Neils,Elyssa.Neils@yopmail.com,6541216786,KlFBxhGf VqfVI
428,Marcelline,Fink,Marcelline.Fink@yopmail.com,1303258439,mEwXZZlgMbTr
429,Morganica,Evvie,Morganica.Evvie@yopmail.com,1731252666,UfyzrTMYAqD
430,Sallie,Anselmi,Sallie.Anselmi@yopmail.com,1914347662,QeZxArHHTsOWe
431,Lisette,Poppy,Lisette.Poppy@yopmail.com,2452502057,JasdzCVYEISMVr
432,Sheelagh,Terencio,Sheelagh.Terencio@yopmail.com,9547106826,CadKfxtdga
433,Leontine,Gladstone,Leontine.Gladstone@yopmail.com,9392888608,sWiljqJVACtg
434,Gilligan,Leifeste,Gilligan.Leifeste@yopmail.com,2099356962,RL vUulcaPEH
435,Roxane,Jammal,Roxane.Jammal@yopmail.com,1161786192,bfRHoLJVKg
436,Joceline,Nadia,Joceline.Nadia@yopmail.com,1285423372,VWzGDKuJIGYp
437,Diena,Durware,Diena.Durware@yopmail.com,3541524252,XNrUmsejgQMHNCv
438,Ezmeralda,Goldina,Ezmeralda.Goldina@yopmail.com,3363821449,DFGvSqKYqUxCKp
439,Mary,Gavrila,Mary.Gavrila@yopmail.com,3684264367,mnvWQeUadQJWdU
440,Atlanta,Dearborn,Atlanta.Dearborn@yopmail.com,7512292533,JLmrkhdXQy
441,Bill,Lissi,Bill.Lissi@yopmail.com,8312468087,axIwLYUebRRyZxd
442,Almeta,Nahum,Almeta.Nahum@yopmail.com,1065016352,zzOwJhZOSrWKXB
443,Deloria,Faria,Deloria.Faria@yopmail.com,9678525434,HmHyrBzGybh
444,Mignon,Hollingsworth,Mignon.Hollingsworth@yopmail.com,2354451167,ZGjOdNQAxzC
445,Minda,Keily,Minda.Keily@yopmail.com,7970455042,QHMPsyVEebft
446,Jobi,Ellerey,Jobi.Ellerey@yopmail.com,5964117332,QtQJfGfpOrZjtOK
447,Kathy,Seligman,Kathy.Seligman@yopmail.com,8349279050,aJItKSvGCwJ
448,Allyce,Dulciana,Allyce.Dulciana@yopmail.com,2984234336,ujC kRKGaKcU
449,Ermengarde,Anton,Ermengarde.Anton@yopmail.com,9656052479,GqSgUUvkhgzET
450,Natka,Plato,Natka.Plato@yopmail.com,9177256970,SSeIRWfyIaPh
451,Bernie,Goldina,Bernie.Goldina@yopmail.com,7708157522,CspIMHXrJnuJCJ
452,Edee,Decato,Edee.Decato@yopmail.com,9307969255,xjNjubJZHJwOXL
453,Genevra,Othilia,Genevra.Othilia@yopmail.com,3104875247,UafeLwujqP
454,Margarette,Sigfrid,Margarette.Sigfrid@yopmail.com,2705569777,v Fpkh Wbtbw
455,Siana,Jess,Siana.Jess@yopmail.com,2916992675,YQPWzGtRLBn
456,Adriana,Regan,Adriana.Regan@yopmail.com,5722907932,FBnxtSyhKRKZNvq
457,Lonnie,Rugen,Lonnie.Rugen@yopmail.com,6807023248,OqsSjronoCb
458,Cam,Hoenack,Cam.Hoenack@yopmail.com,4650562832,CjCHQuzJNWqSOz
459,Cacilie,Millda,Cacilie.Millda@yopmail.com,5365048395,CDPbRDruuPlSH
460,Benita,Henrie,Benita.Henrie@yopmail.com,3964986963,ZjvLRNAzxfa
461,Edyth,Tyson,Edyth.Tyson@yopmail.com,8674275785,qVbkeShaKpvnrNz
462,Aurelie,Zaslow,Aurelie.Zaslow@yopmail.com,6328529530,mMoYCFoscA
463,Libbie,Quinn,Libbie.Quinn@yopmail.com,1735216353,DibOS JCpYeFHX
464,Kalina,Kirbee,Kalina.Kirbee@yopmail.com,3045862702,Dkex u oZOZ
465,Melina,Lipson,Melina.Lipson@yopmail.com,6546783297,bbyPqLfYHWsBw
466,Renae,Kannry,Renae.Kannry@yopmail.com,3221520912,OSESRCQeQTisP
467,Mureil,Cynar,Mureil.Cynar@yopmail.com,6444467046,tLPSNP JFK
468,Basia,Abram,Basia.Abram@yopmail.com,8819922210,mSeBVZIdCOL
469,Rani,Shuler,Rani.Shuler@yopmail.com,7619071365,JyNDmgcJHAoQNL
470,Rhoda,Jary,Rhoda.Jary@yopmail.com,6853264579,vboChCrnR S
471,Corene,Carey,Corene.Carey@yopmail.com,2830996055,NsZAezACqsrHzB
472,Alleen,Rosemary,Alleen.Rosemary@yopmail.com,4329932040,tpQZNmsxszAul
473,Catharine,Nicoline,Catharine.Nicoline@yopmail.com,6651242875,evwVFTRlVUm
474,Ida,Wesle,Ida.Wesle@yopmail.com,9632736319,XchKWtICVLRjKeH
475,Yvonne,Annice,Yvonne.Annice@yopmail.com,3609071340,Pw bvaKOhWWoA
476,Christy,Brady,Christy.Brady@yopmail.com,2911922688,fUD GXeOYP
477,Roslyn,Wilona,Roslyn.Wilona@yopmail.com,6357317391,mFhQaBjqtCjIIat
478,Myrtice,Ehrman,Myrtice.Ehrman@yopmail.com,2482546859,PpENpqzYyI
479,Roberta,Pelagias,Roberta.Pelagias@yopmail.com,8613208578,BkvdBr mLZsityZ
480,Lanna,Autrey,Lanna.Autrey@yopmail.com,7750781338,yYeKqBKqmgYT
481,Blondelle,Ursulette,Blondelle.Ursulette@yopmail.com,6385414726,lBnXQSxOWQ
482,Sabina,Carvey,Sabina.Carvey@yopmail.com,9550822318,jfMTtRutRHiD
483,Stephanie,Leonard,Stephanie.Leonard@yopmail.com,2024752390,pWSmrLvsGKhObuC
484,Kayla,Bronk,Kayla.Bronk@yopmail.com,2866928651,SsRyVeomlFQtfyA
485,Concettina,Fadiman,Concettina.Fadiman@yopmail.com,1372044382,UraChastANR
486,Mellicent,Annice,Mellicent.Annice@yopmail.com,9968898476,EMzkUuozHOpj
487,Brooks,Kendrick,Brooks.Kendrick@yopmail.com,8046883440,A YxdpCrRFHthJ
488,Catharine,Stover,Catharine.Stover@yopmail.com,9954511021,WyyFwzLKpV
489,Sonni,Papageno,Sonni.Papageno@yopmail.com,1625494643,DUgYmHeUjMfm
490,Ginnie,Harned,Ginnie.Harned@yopmail.com,8527557202, lBpcBrrDh
491,Kary,Rurik,Kary.Rurik@yopmail.com,1666694526,KCjOGxiucoQ mN
492,Lucy,Kirbee,Lucy.Kirbee@yopmail.com,2537822050,LbmaOtIJdJdS
493,Stephanie,Madaih,Stephanie.Madaih@yopmail.com,3179644907,moZNWBqCLWnCmAi
494,Mara,Amadas,Mara.Amadas@yopmail.com,7102983650,hikqWnKTpGyb
495,Gretal,Thilda,Gretal.Thilda@yopmail.com,8066149054,nZzdwDMxQf hxE
496,Devina,Anyah,Devina.Anyah@yopmail.com,4046389818,JRImwHExLlrF
497,Patricia,Stephie,Patricia.Stephie@yopmail.com,3579462568,wqDmSTCPJEGshQ
498,Elbertina,Pascia,Elbertina.Pascia@yopmail.com,4288862107,xRHoWoejEPczN
499,Anthia,Bohlin,Anthia.Bohlin@yopmail.com,7949544315,VrvoDYViZkZb
500,Aurore,Graig,Aurore.Graig@yopmail.com,4691660664,EkNvjtxcTXqD
501,Carmela,Gamaliel,Carmela.Gamaliel@yopmail.com,4544664850,xPrhwSjmkxRa
502,Jaime,Deny,Jaime.Deny@yopmail.com,7679162799,dqnxZoxeUeSNAxo
503,Elena,Jena,Elena.Jena@yopmail.com,3846342466,devLIotszUYtV
504,Talya,Rustice,Talya.Rustice@yopmail.com,5139857996,RL SIZnwjKAWX
505,Lorne,Marijo,Lorne.Marijo@yopmail.com,6537332159,IsMMENgdMolnOiM
506,Andree,Gaynor,Andree.Gaynor@yopmail.com,2946209131,cutlopJHxkogQN
507,Kaja,Nester,Kaja.Nester@yopmail.com,9507074193,pNbzlIcmvOTm
508,Valeda,Obed,Valeda.Obed@yopmail.com,5174000239,BPoMJLQqeP
509,Tabbatha,Helfand,Tabbatha.Helfand@yopmail.com,9714081300,IGUpHeckDir
510,Lolita,Thilda,Lolita.Thilda@yopmail.com,4360697550,MNErbvIFaK
511,Regina,Philoo,Regina.Philoo@yopmail.com,4001546618,mmNfXZLExak
512,Shirlee,Crudden,Shirlee.Crudden@yopmail.com,3232562328,xkWTQRdItt
513,Josephine,Rad,Josephine.Rad@yopmail.com,8925873602,mkZwayjCbHIU
514,Lanae,Stav,Lanae.Stav@yopmail.com,2885390666,YIDcEZgnkkRFpz
515,Reeba,Nunci,Reeba.Nunci@yopmail.com,5180564023,WBBNzoehRk
516,Xylina,Vacuva,Xylina.Vacuva@yopmail.com,9919150640,chkKvKxuHRT
517,Annecorinne,Faria,Annecorinne.Faria@yopmail.com,6910515745,RxKYxrnHvS d
518,Althea,Milde,Althea.Milde@yopmail.com,5440132905,eIdrtLCcNBH
519,Merry,Ruvolo,Merry.Ruvolo@yopmail.com,7765596221,vjhBxLWPLmiRG
520,Shaylyn,Nickola,Shaylyn.Nickola@yopmail.com,1992595780,bSnKXJIQpXDImT
521,Celene,Lilas,Celene.Lilas@yopmail.com,8665649714,UEEYttquue AE
522,Sallie,Allys,Sallie.Allys@yopmail.com,3334121177,kUirKeHnBche T
523,Misha,Pip,Misha.Pip@yopmail.com,6582720449,oHVBUKBcftBfrBj
524,Gerianna,Concha,Gerianna.Concha@yopmail.com,9880848401,PFvuVeSCaYE
525,Alie,Argus,Alie.Argus@yopmail.com,2913230672,oPyZafbWPhEMDl
526,Zia,Longfellow,Zia.Longfellow@yopmail.com,2025014157,hLcqymPTAg
527,Lyssa,Melony,Lyssa.Melony@yopmail.com,9535208534,owoVlOXkIEDXRtf
528,Vinita,Amadas,Vinita.Amadas@yopmail.com,4595785055,OuDrmPXIkIQdURx
529,Modestia,Ranjiv,Modestia.Ranjiv@yopmail.com,8470967293,FS tiaefqEsgL
530,Chandra,Fleeta,Chandra.Fleeta@yopmail.com,4747534255, nnmaptuIePjNPr
531,Cristabel,McClimans,Cristabel.McClimans@yopmail.com,6077491454,RKElmiQnARuf
532,Dari,Demitria,Dari.Demitria@yopmail.com,5675931449,GMlCdCuCpb
533,Dione,Oscar,Dione.Oscar@yopmail.com,8208394079,YBSDzRIVnYYsj
534,Alyssa,Idelia,Alyssa.Idelia@yopmail.com,4023272474,hJWcaKsnAJufDJd
535,Madalyn,Rustice,Madalyn.Rustice@yopmail.com,8568538032,sjGcpyoaPb
536,Deirdre,Goth,Deirdre.Goth@yopmail.com,1036087636,FYRuWeBGJvTk
537,Lucille,Aida,Lucille.Aida@yopmail.com,4620045294,LEtKEHTBOjST
538,Nollie,Raama,Nollie.Raama@yopmail.com,9833754512,YdLw sf C QUZC
539,Jerry,Geffner,Jerry.Geffner@yopmail.com,5024605642,VVTcoilaus
540,Babita,Greenwald,Babita.Greenwald@yopmail.com,7183681438,xzkQDgMVWFc
541,Laurene,McLaughlin,Laurene.McLaughlin@yopmail.com,7575095894, yMyWVhxhwwsp
542,Aeriela,Etom,Aeriela.Etom@yopmail.com,1934698693,YDDrzsKejBU
543,Iseabal,Shaddock,Iseabal.Shaddock@yopmail.com,3027638003,mAKqnBEguwmD
544,Belinda,Kirstin,Belinda.Kirstin@yopmail.com,8419855190,PYiLGIU HVp
545,Olivette,Markman,Olivette.Markman@yopmail.com,8328832008,NiMlZtEqOaqGSD
546,Jaime,Eugenia,Jaime.Eugenia@yopmail.com,6994670165,KulCGBXoiqsnmYQ
547,Marinna,McClimans,Marinna.McClimans@yopmail.com,2143946233,S btfvQqeZZ
548,Taffy,Tjon,Taffy.Tjon@yopmail.com,7865138384,PVgFAEQuAyf
549,Christian,Nunci,Christian.Nunci@yopmail.com,8150654739,ThFHrNbGexS
550,Ellette,Briney,Ellette.Briney@yopmail.com,6907157503,MEsAkhPtBY
551,Kimmy,Afton,Kimmy.Afton@yopmail.com,2165166266,ILrSVEfjTovoR
552,Edee,Ade,Edee.Ade@yopmail.com,3956926342,QbqWyedSOARZt
553,Allyce,Zeeba,Allyce.Zeeba@yopmail.com,9896088054,pz tfGCntUa
554,Brianna,Danby,Brianna.Danby@yopmail.com,5459676120,jEwHEVZoLdo
555,Lauryn,Colyer,Lauryn.Colyer@yopmail.com,1664088894,VhhvHqRsFqbZU
556,Etta,Seumas,Etta.Seumas@yopmail.com,8856234538,NtdMVqqdia L
557,Gusella,Niccolo,Gusella.Niccolo@yopmail.com,6377197532,UTSBc SfDF
558,Kristina,Mandler,Kristina.Mandler@yopmail.com,1852910362,iYtyriJoUYTz
559,Gerrie,Slifka,Gerrie.Slifka@yopmail.com,7950686613,j GnINjeO bL
560,Nonnah,Johnsson,Nonnah.Johnsson@yopmail.com,5185402425,TUehxUiySn
561,Janis,Noelyn,Janis.Noelyn@yopmail.com,3975116022,GrcMVCLvUICJBH
562,Edee,Eachern,Edee.Eachern@yopmail.com,3033255200,iOnuimehkXh
563,Tracey,Tamsky,Tracey.Tamsky@yopmail.com,4671191487,QbSLaOfgMezzxi
564,Dari,Hillel,Dari.Hillel@yopmail.com,5402521376,mUGkkKkJMk
565,Sadie,Whiffen,Sadie.Whiffen@yopmail.com,8394638195,lRPOOdrTzc
566,Sidoney,Tremayne,Sidoney.Tremayne@yopmail.com,1408337372,fSzVZQqtVXx
567,Aaren,Gordon,Aaren.Gordon@yopmail.com,1014584106,YGoGRgmghxJoM
568,Georgina,Corrine,Georgina.Corrine@yopmail.com,5466732192,jqoLGxaerqom
569,Cissiee,Colyer,Cissiee.Colyer@yopmail.com,5342126780,SaqFTSmKrqh
570,Neila,Florina,Neila.Florina@yopmail.com,8819919438,VXXKvULtBsYPth
571,Elena,Garlinda,Elena.Garlinda@yopmail.com,8064403984,vZipzXPbLSXR
572,Sashenka,Remmer,Sashenka.Remmer@yopmail.com,4140122449,dedVOdeIUdR L
573,Jessamyn,Federica,Jessamyn.Federica@yopmail.com,2681767594,mgghNwELLTrNM
574,Felice,Noman,Felice.Noman@yopmail.com,8128206651,WAzIYBNO N
575,Lynea,Weaks,Lynea.Weaks@yopmail.com,9747308743,EuzbggrRhIrgai
576,Sheree,Christine,Sheree.Christine@yopmail.com,9828941804,ADqyw Duog
577,Catrina,Raychel,Catrina.Raychel@yopmail.com,2365712522,IILNEmRnPCGBFM
578,Betta,Riva,Betta.Riva@yopmail.com,9312038303,vFPxBJdrYvRNy
579,Ida,Peg,Ida.Peg@yopmail.com,8993304899,eezgKDqvEjcFd
580,Adore,Rugen,Adore.Rugen@yopmail.com,1816317272,zQSxArptQU
581,Di,Dudley,Di.Dudley@yopmail.com,5257484847,GKF lArJFZAN
582,Noelle,Hull,Noelle.Hull@yopmail.com,2721820057,vWwkwNzlpY
583,Queenie,Cullin,Queenie.Cullin@yopmail.com,5271675892,himsYTukyxfmaVE
584,Emelina,Lalitta,Emelina.Lalitta@yopmail.com,1707636246,xUsFad CIKNjP
585,Teddie,Hebner,Teddie.Hebner@yopmail.com,9041869210,ZUTCyYxaJIkwAko
586,Meriel,Docilla,Meriel.Docilla@yopmail.com,2642662740,HVXjbQnRNZ
587,Robbi,Raffo,Robbi.Raffo@yopmail.com,5388007491,bNAxqtriGWS 
588,Karly,Mayeda,Karly.Mayeda@yopmail.com,1438412544,jqUGnSeLbKfhpL
589,Kittie,Tiffa,Kittie.Tiffa@yopmail.com,8010308114,uIcafoTgUU
590,Roxane,Yuille,Roxane.Yuille@yopmail.com,9330519325,ODtvupbjgkmi
591,Larine,Seumas,Larine.Seumas@yopmail.com,6174574303,DRKJFamCto
592,Melanie,Ralfston,Melanie.Ralfston@yopmail.com,7579956310,LQDUNawzHzWn
593,Gwyneth,Arley,Gwyneth.Arley@yopmail.com,1679665818,gRVUUpoXDrrWscn
594,Arlena,Winthorpe,Arlena.Winthorpe@yopmail.com,3054717833,ZgOMUOoygb
595,Ardenia,Hurley,Ardenia.Hurley@yopmail.com,3369446538,lHQLeYKkeXEw B
596,Kassey,Desai,Kassey.Desai@yopmail.com,8692103854,TdqIyvrfrkaqicN
597,Stacey,Haerr,Stacey.Haerr@yopmail.com,1157504149,joAGxxLrMXIiixD
598,Dawn,Kevon,Dawn.Kevon@yopmail.com,8988504795,UTiFjRyYoty
599,Siana,Woodberry,Siana.Woodberry@yopmail.com,2444595062,eQanLugq aauN
600,Fawne,Erb,Fawne.Erb@yopmail.com,8091038418,URI YoAHljpxGmX
601,Sallie,Florina,Sallie.Florina@yopmail.com,1147983429,qcOhsYJaCGj
602,Gretal,Seessel,Gretal.Seessel@yopmail.com,4960443403,UNMGnbTpeUVr
603,Ketti,Hessler,Ketti.Hessler@yopmail.com,7195275543,frgaKuxixRK
604,Georgetta,Chem,Georgetta.Chem@yopmail.com,8557577320,ADXEElrjtH
605,Mariann,Faso,Mariann.Faso@yopmail.com,9401747274,GJKvDeyjgbP
606,Sabina,Bevin,Sabina.Bevin@yopmail.com,1839008745,qdJDTjSxfkUQZIA
607,Merrie,Posner,Merrie.Posner@yopmail.com,6047754849,KLyCJEemYo
608,Nanete,Callista,Nanete.Callista@yopmail.com,4435160845,KKgWLBc IdmOah
609,Florie,Angelis,Florie.Angelis@yopmail.com,9722916735,GHytfNlpbda
610,Dulce,Olnee,Dulce.Olnee@yopmail.com,6203636142,MdKPIyQMjjZzt
611,Jackie,Anderea,Jackie.Anderea@yopmail.com,4288287542,dMkK cFHTqHYX 
612,Nannie,Yusuk,Nannie.Yusuk@yopmail.com,6754632113,eNEfdLLDAIF
613,Lynea,Roarke,Lynea.Roarke@yopmail.com,4011703634,LFacDZdlPXgaS
614,Isa,Melan,Isa.Melan@yopmail.com,6839450602,QosRFnFmqZL
615,Romona,Armanda,Romona.Armanda@yopmail.com,1143487303,icKzNAfvOYCRlWJ
616,Xylina,Rolf,Xylina.Rolf@yopmail.com,2485077538,FAn jvmgaR
617,Kirbee,Konyn,Kirbee.Konyn@yopmail.com,3501481021,anFMpZMuTo
618,Paulita,Parsaye,Paulita.Parsaye@yopmail.com,9132744822,OrKhzPkIycMAa
619,Helsa,Hull,Helsa.Hull@yopmail.com,3629962039,EfSFvcCZiHeV
620,Hermione,Stuart,Hermione.Stuart@yopmail.com,4768629174,SsfKbWojEi
621,Candy,Dosia,Candy.Dosia@yopmail.com,3892507301,nHYrtBOxZEW
622,Noelle,Therine,Noelle.Therine@yopmail.com,3047566307,uVhE nUyiltR
623,Amii,Middleton,Amii.Middleton@yopmail.com,5915061270,Asma  pGdTAtEG
624,Brandise,Salvidor,Brandise.Salvidor@yopmail.com,3996650515,YuvsTthZTjoBD
625,Minne,Dex,Minne.Dex@yopmail.com,8023171469,oTopBwCa Uozi
626,Ninnetta,Claudine,Ninnetta.Claudine@yopmail.com,9311459783,ukJVkbSEWCj
627,Hermione,Ball,Hermione.Ball@yopmail.com,5990042736,RlTXNQYSWqFAhP
628,Roseline,Autrey,Roseline.Autrey@yopmail.com,2878075050,utdfAVYQuS
629,Danny,Idelia,Danny.Idelia@yopmail.com,4756456414,gqFuVLjBMayzBvR
630,Maurene,Avi,Maurene.Avi@yopmail.com,1751670519,zbIDXLyEvg
631,Charmaine,Valoniah,Charmaine.Valoniah@yopmail.com,5279909436,qZiqPMFHDRftVRR
632,Caryl,Konyn,Caryl.Konyn@yopmail.com,4631350287,MkrT xuJGy
633,Cassandra,Bashemeth,Cassandra.Bashemeth@yopmail.com,6334934823,MGAykdMdpQsi
634,Janenna,Berriman,Janenna.Berriman@yopmail.com,3370065480,kgjHmRtjyXXyUY
635,Malina,Dyche,Malina.Dyche@yopmail.com,4436129177,urHbsBFwvfpJGEJ
636,Merci,Shama,Merci.Shama@yopmail.com,7089092765,oBtbZkYYTrvnZ
637,Sheree,Manolo,Sheree.Manolo@yopmail.com,1927513653,b cUE IxaGQiIUi
638,Vere,Dreda,Vere.Dreda@yopmail.com,9456860483,jZxPBOy gCJL
639,Flory,Ehrman,Flory.Ehrman@yopmail.com,3607314566,rRWAQjthOHH 
640,Queenie,Etom,Queenie.Etom@yopmail.com,3264245507,QNfacZQyijCJf
641,Dione,Niles,Dione.Niles@yopmail.com,9872410622,w EXSDcPQWCjITM
642,Charissa,Gladstone,Charissa.Gladstone@yopmail.com,4886431931, YnXSiKhNc
643,Mathilda,Liebermann,Mathilda.Liebermann@yopmail.com,9992458433,sevlzyjpER
644,Juliane,Ball,Juliane.Ball@yopmail.com,7678949544,XjKLtTMXYqXP
645,Alyda,Judye,Alyda.Judye@yopmail.com,9492167176,BQuwsHrPKC C
646,Doro,Septima,Doro.Septima@yopmail.com,7779881280,xwcMLAXiinEN
647,Susette,Gordon,Susette.Gordon@yopmail.com,5041703571,CCHswZkyPR
648,Frieda,Amand,Frieda.Amand@yopmail.com,7433857540,tENpxMtviidggk
649,Camile,Genna,Camile.Genna@yopmail.com,6791428772,xHQVPObKUWGckK 
650,Christal,Ardeha,Christal.Ardeha@yopmail.com,5208342265,hNnGZRUaUXwKwk
651,Lyssa,Joachim,Lyssa.Joachim@yopmail.com,7355342354,AxkNQHdHIpkTo
652,Priscilla,Allina,Priscilla.Allina@yopmail.com,9721414185,NnuuEhEwOyWf
653,Ulrike,Imelida,Ulrike.Imelida@yopmail.com,6223245931,gwitzorp Dy
654,Lynde,Merriott,Lynde.Merriott@yopmail.com,3583521198,glEozWMnwcjKA
655,Lanna,Fink,Lanna.Fink@yopmail.com,5638296046,nImXGMlCaVpad
656,Priscilla,Kiyoshi,Priscilla.Kiyoshi@yopmail.com,8368965431,UAIIZmZUpCnMAk
657,Roberta,Hamil,Roberta.Hamil@yopmail.com,3384040662,gCGanXbjha
658,Renie,Darbie,Renie.Darbie@yopmail.com,9460559599,tDPxlIxQ plOp
659,Gloria,Guildroy,Gloria.Guildroy@yopmail.com,3629942420,zQSlPguFsWsbn
660,Quintina,Cosenza,Quintina.Cosenza@yopmail.com,4200381381,UIYEEYDsRO
661,Melina,Astra,Melina.Astra@yopmail.com,1597532523,bFohMeXSVlL
662,Ricky,Standing,Ricky.Standing@yopmail.com,2757707609,EEFyBLwHHOO 
663,Cristine,Abram,Cristine.Abram@yopmail.com,9062614995,iqTZeUipqfks
664,Bobbi,Stoller,Bobbi.Stoller@yopmail.com,7372313272,IPUEIMWzpkzNzs
665,Shauna,Sancho,Shauna.Sancho@yopmail.com,1417390593,tPjSbPel udtq
666,Hannis,Holbrook,Hannis.Holbrook@yopmail.com,6105119834,lRnkguKNKFCI
667,Gaylene,Amadas,Gaylene.Amadas@yopmail.com,2462100308,aTDvkqCNpxD
668,Sashenka,Wu,Sashenka.Wu@yopmail.com,1740122532,zimBhqzDgkMUtj
669,Neila,Elisha,Neila.Elisha@yopmail.com,6343138923,ERqBrugZOBXnkYr
670,Kayla,Zaslow,Kayla.Zaslow@yopmail.com,2254849315,lKKfLVqQYeZJ
671,Candi,Berriman,Candi.Berriman@yopmail.com,1694264238,kuzYMKTTAYIfN
672,Babita,Anis,Babita.Anis@yopmail.com,5395510182,CW omypwIv
673,Fredericka,Sacken,Fredericka.Sacken@yopmail.com,3857614754,OwyhnTgAqgPzs
674,Doro,Neva,Doro.Neva@yopmail.com,7319893118,rRCZgvWJHACi
675,Elora,Haerr,Elora.Haerr@yopmail.com,1871727760,TBJg ipxnPu
676,Jackie,Daegal,Jackie.Daegal@yopmail.com,5802389867,ykyVxCHMeEKLLH
677,Pollyanna,Carri,Pollyanna.Carri@yopmail.com,4684372975,UunZOULWEu
678,Genevra,Wilkinson,Genevra.Wilkinson@yopmail.com,9198413733,aAMnMZQklw
679,Basia,Serilda,Basia.Serilda@yopmail.com,6790686925,ITgu olMVJ
680,Stevana,Fredi,Stevana.Fredi@yopmail.com,1086665120,snQLnzyBElOBkC
681,Debee,Dichy,Debee.Dichy@yopmail.com,8469747904,wJnUTBnnRVP
682,Cyb,Haymes,Cyb.Haymes@yopmail.com,6126957551,wLKdMGgXzFzfPP
683,Mara,Odysseus,Mara.Odysseus@yopmail.com,5244128403,tUFOtgWkpuXjk
684,Tonia,Naashom,Tonia.Naashom@yopmail.com,5700408079,mWvuucJVqFJpcRx
685,Helena,Suanne,Helena.Suanne@yopmail.com,7755060052,NNaRAeCbjepRkfo
686,Leontine,Constancy,Leontine.Constancy@yopmail.com,8705804590,eQynJHMrsj 
687,Sissy,Arley,Sissy.Arley@yopmail.com,8193994792,xPSpEXueAWoU
688,Kylynn,Grayce,Kylynn.Grayce@yopmail.com,2885031583,CpljBsxTrPwRJwo
689,Marti,Adrienne,Marti.Adrienne@yopmail.com,7200641869,GPTlHhbcEQhVjEa
690,Albertina,Naor,Albertina.Naor@yopmail.com,7223021317,HysQjjcXuStDot
691,Arlena,Ball,Arlena.Ball@yopmail.com,4454939898,NpDhqhtNbx
692,Vinita,Mullane,Vinita.Mullane@yopmail.com,8353837670,ABFsIgnWNZh
693,Margette,Maiah,Margette.Maiah@yopmail.com,5647348454,crlhgsKnUdmsQ
694,Marguerite,Cosenza,Marguerite.Cosenza@yopmail.com,6327977485,syqegbxuUI
695,Ronna,Gamaliel,Ronna.Gamaliel@yopmail.com,9732147606,KrPRUyJZzjd
696,Margalo,Vary,Margalo.Vary@yopmail.com,2319147392,UlLnh COHj
697,Sashenka,Georgy,Sashenka.Georgy@yopmail.com,2243805382,pwRaS zVVzN
698,Bobbi,Bendick,Bobbi.Bendick@yopmail.com,2128905389,AitJVZTouqENpqI
699,Wanda,Payson,Wanda.Payson@yopmail.com,5520550833,mYukaKSpphKDJC
700,Damaris,Elbertina,Damaris.Elbertina@yopmail.com,9324288871,gFpSsWVdNucJhdh
701,Yolane,Constancy,Yolane.Constancy@yopmail.com,3351619842,mFfgeMitXEo
702,Lynnea,Annabella,Lynnea.Annabella@yopmail.com,3227680033,SxiSDodzuz 
703,Jany,Vacuva,Jany.Vacuva@yopmail.com,7068947681,H RBOaoCRmdwdP
704,Nanete,Isacco,Nanete.Isacco@yopmail.com,1684180943,eidsQfDVNs
705,Celene,Bergman,Celene.Bergman@yopmail.com,7000403703,AMwZKvA qyU
706,Gratia,Jobi,Gratia.Jobi@yopmail.com,7993662423,pwlOSKXTdnofEF
707,Brana,Helfand,Brana.Helfand@yopmail.com,7247347565,GMKLKQXaoBcrq
708,Wynne,Karylin,Wynne.Karylin@yopmail.com,8078067736,taNsjvWJoZgQ
709,Carly,Lea,Carly.Lea@yopmail.com,2518212437,wjmycJSWQoOZhr
710,Rayna,Ezar,Rayna.Ezar@yopmail.com,9724436709,rrZCCosXbIvvTz
711,Clo,Concha,Clo.Concha@yopmail.com,2953530274,Pl xUuSOokKAlt
712,Louella,Angelis,Louella.Angelis@yopmail.com,1259746920,TtEJgWqkAo UqTF
713,Joleen,Henebry,Joleen.Henebry@yopmail.com,9670078769,FqolYyCIgeItDUy
714,Catrina,Wolfgram,Catrina.Wolfgram@yopmail.com,5228371281,IAJQPrLiklrrmS
715,Nataline,Kylander,Nataline.Kylander@yopmail.com,8877420251,kjoQwJbegJuBmvJ
716,Elise,Martguerita,Elise.Martguerita@yopmail.com,6442098384,tULsfxDInPZynMr
717,Noelle,Pauly,Noelle.Pauly@yopmail.com,1462700866,ggsNhEMuiH
718,Ronna,Wyn,Ronna.Wyn@yopmail.com,5234944462,saYiKQXIH d
719,Bettine,Nore,Bettine.Nore@yopmail.com,9661624681,XvRDfHFtEumzOsn
720,Dede,Garrison,Dede.Garrison@yopmail.com,2496830552,T qeihivOj
721,Marti,Evvie,Marti.Evvie@yopmail.com,1486614869,dyqZGPGUeVohWD
722,Corina,Eugenia,Corina.Eugenia@yopmail.com,2863992854,PxzpWkizpgmfCje
723,Elora,Trey,Elora.Trey@yopmail.com,8094210500,bxArEp PWG
724,Malina,Byrne,Malina.Byrne@yopmail.com,5619087935,goGnaVjYjbwc
725,Gwenneth,Jobi,Gwenneth.Jobi@yopmail.com,2417499429,NPTHQiRXFVfTA
726,Etta,Phyllis,Etta.Phyllis@yopmail.com,6599010985,UPqjIdGvMf
727,Etta,Shuler,Etta.Shuler@yopmail.com,3848369521,mxJWywQdaRdCKtT
728,Ileana,Sherfield,Ileana.Sherfield@yopmail.com,8519556282,udNOVfictZFh
729,Linzy,Yate,Linzy.Yate@yopmail.com,4838407454,bLnGdhdHox
730,Lynea,Federica,Lynea.Federica@yopmail.com,3382943889,CspHGwIlLZQhB
731,Camile,Kristi,Camile.Kristi@yopmail.com,5845863515,ZZzzUrrZPDR
732,Dominga,Kronfeld,Dominga.Kronfeld@yopmail.com,3938002286,GBwTwBESfQGZU
733,Heddie,Travax,Heddie.Travax@yopmail.com,3941272680,BsJixYCRmUrLNMw
734,Cacilie,Sinegold,Cacilie.Sinegold@yopmail.com,6465750160,LobZVwBwaHRnm
735,Loree,Kenwood,Loree.Kenwood@yopmail.com,2954685744,BCSiflxTAppRL
736,Sharai,Gualtiero,Sharai.Gualtiero@yopmail.com,6996804765,GiXLsljKLgq G
737,Marylou,Hull,Marylou.Hull@yopmail.com,3909423845, VeDdjqNmzQSqhR
738,Chandra,O'Neill,Chandra.O'Neill@yopmail.com,6680376082,vnzxTPExMg
739,Alisha,Holbrook,Alisha.Holbrook@yopmail.com,6812736183,TQwfFdyVdapJIf
740,Fernande,Charity,Fernande.Charity@yopmail.com,6027971491,eDWSpKiltU
741,Ethel,Mike,Ethel.Mike@yopmail.com,6357211893,vKWsYlVdCEDPe
742,Petronia,Germann,Petronia.Germann@yopmail.com,2651401487,jDEoLZHrpbqCLx
743,Viki,Xerxes,Viki.Xerxes@yopmail.com,6665853988,tGycfvdGnJLV
744,Layla,Sherrie,Layla.Sherrie@yopmail.com,6685209036,iOOYsvWxoCULa C
745,Daphne,Gahl,Daphne.Gahl@yopmail.com,7946189292,noUQsqsASAP
746,Barbara,Janith,Barbara.Janith@yopmail.com,7332953885,qPBRoPxuUx
747,Dorthy,Darrell,Dorthy.Darrell@yopmail.com,7515439523,bFgTRf psilmim
748,Ermengarde,Knowling,Ermengarde.Knowling@yopmail.com,3636900708,xNJNF IDJTvWLp
749,Camile,Goth,Camile.Goth@yopmail.com,3608700608,aZHQFusIparT
750,Nataline,Jacinda,Nataline.Jacinda@yopmail.com,3357208469,whvWasqDPUaCl
751,Shel,Wildermuth,Shel.Wildermuth@yopmail.com,4271012115,xbPRzWKfHDLqO
752,Esmeralda,Carolin,Esmeralda.Carolin@yopmail.com,7677469639,qEPRXejAtEYeKh
753,Karly,Arley,Karly.Arley@yopmail.com,7021795467,IgMPexaFoWMy
754,Zondra,Weinreb,Zondra.Weinreb@yopmail.com,5885396434,xsavwHAUWOhi
755,Fayre,Prober,Fayre.Prober@yopmail.com,3789571056,HDEkvlYZOS
756,Emilia,Bronk,Emilia.Bronk@yopmail.com,7550226722,AEExqWBjYSmo
757,Bee,Adalbert,Bee.Adalbert@yopmail.com,1939897545,eoaqrJftvqFB
758,Rozele,Terencio,Rozele.Terencio@yopmail.com,6078966265,nIFAAbKUOSCNv 
759,Etta,Meli,Etta.Meli@yopmail.com,2903308175,jCCgrZYdiW
760,Joy,Vilma,Joy.Vilma@yopmail.com,8712110164,nSWtqQjYZIqh
761,Helena,Olympium,Helena.Olympium@yopmail.com,4879121932,gulAlZLnbb
762,Laurene,Graig,Laurene.Graig@yopmail.com,1918640423,fgkDtdDRVD
763,Sarette,Melan,Sarette.Melan@yopmail.com,1933258962,rwycWTeMKDYKo
764,Cissiee,Parsaye,Cissiee.Parsaye@yopmail.com,2516504513,OGCfAWoYd foxG
765,Netty,Crudden,Netty.Crudden@yopmail.com,8797875931,AYkBcWHrgDmwqIw
766,Concettina,Greyson,Concettina.Greyson@yopmail.com,2354460233,UYXGhdQuHDVf
767,Nananne,Cosenza,Nananne.Cosenza@yopmail.com,2455779302,pFXGIcSeaeaE
768,Wynne,Amand,Wynne.Amand@yopmail.com,7787217479,RAdbsiwpznDXo
769,Maye,Kristi,Maye.Kristi@yopmail.com,2607473724,bjjuscjEtE
770,Meghann,Brunell,Meghann.Brunell@yopmail.com,9289243009,DEoEsKkQjWVFs
771,Wileen,Wu,Wileen.Wu@yopmail.com,5190825485,hhlpLVeRwDQhaQ
772,Melisent,Georgy,Melisent.Georgy@yopmail.com,4074016178,rcnYAWZsSlS
773,Dacia,Deegan,Dacia.Deegan@yopmail.com,3678649501,HbhkfyomlKLcj
774,Allyce,Hourigan,Allyce.Hourigan@yopmail.com,5797998713,bkFXvItDjH
775,Ninnetta,Diogenes,Ninnetta.Diogenes@yopmail.com,8723287987,zQDDB ETHpmjH
776,Nadine,Yerkovich,Nadine.Yerkovich@yopmail.com,1926033042,QIztuHwgvy
777,Lonnie,Connelly,Lonnie.Connelly@yopmail.com,7919568632,gxbmRYUwOQTXcX
778,Rochette,Milde,Rochette.Milde@yopmail.com,8025657826,VHClMsiqTNsHwi
779,Philis,Corrine,Philis.Corrine@yopmail.com,6003334161,dBFNnQxgmaFOyo
780,Lacie,Felecia,Lacie.Felecia@yopmail.com,9575826007,dWcBVS gjb
781,Lanna,Terencio,Lanna.Terencio@yopmail.com,2784367723,cUkzk jZJz
782,Darci,Hanleigh,Darci.Hanleigh@yopmail.com,7726566723,buTiKOMQiOMoox
783,Carmela,Kravits,Carmela.Kravits@yopmail.com,8346317823,DbkBaZCTVsPupsR
784,Tera,Eliathas,Tera.Eliathas@yopmail.com,1516490078,FukmjPeyOhClVsg
785,Fina,Presber,Fina.Presber@yopmail.com,3528323871,YHimPLvUNSxgGQ
786,Claudina,Gaal,Claudina.Gaal@yopmail.com,4684055960,Wnf RMlDwfvWRb
787,Carlie,Christine,Carlie.Christine@yopmail.com,5448349751,ZTblrXskLIeeG
788,Lyssa,Abernon,Lyssa.Abernon@yopmail.com,5509216224,hTVicodNlnj
789,Randa,Katrine,Randa.Katrine@yopmail.com,7466483030,jMBvKQEaMrTMb
790,Marylou,Melan,Marylou.Melan@yopmail.com,9843983368,CUQuVb ZwBy
791,Malina,Malina,Malina.Malina@yopmail.com,7822360618,IDgRCmHTvd
792,Gilda,Soneson,Gilda.Soneson@yopmail.com,4552416189,HJCxkODJm w
793,Jinny,Prober,Jinny.Prober@yopmail.com,2131203284,mmtwyuaWmJqQ
794,Randa,Parsaye,Randa.Parsaye@yopmail.com,8648121197,PHkyeLvrnlyTeZ
795,Olivette,Bonucci,Olivette.Bonucci@yopmail.com,4124283734,IODnSUBIRmjfG
796,Goldie,Lea,Goldie.Lea@yopmail.com,6607557573,KKorRE DOFn
797,Sadie,Zetta,Sadie.Zetta@yopmail.com,8106029919,JqRIP fpse
798,Winny,Margarete,Winny.Margarete@yopmail.com,7086731328,udGcxcihpIy
799,Philis,Gilmour,Philis.Gilmour@yopmail.com,9721476635,wzpRJnHMV sZ
800,Nelle,Jeanne,Nelle.Jeanne@yopmail.com,9567737586,PJncltUbbYUIHfm
801,Beverley,Center,Beverley.Center@yopmail.com,6371810934,uP EpYOdKHrSXVp
802,Loree,Stevy,Loree.Stevy@yopmail.com,2368034314,LVPaNvxRSfKg
803,Joceline,Aida,Joceline.Aida@yopmail.com,6735354524,FVvLciByKHHX
804,Ethel,Quent,Ethel.Quent@yopmail.com,7320289910,h EJzJZVty
805,Myrtice,Carbo,Myrtice.Carbo@yopmail.com,4748574789, nMbHRSRzFG
806,Carilyn,Haldas,Carilyn.Haldas@yopmail.com,7520864202,slfeTnUldnYHP
807,Lanae,Modie,Lanae.Modie@yopmail.com,8081310733,hJqiDDtKHwBhbP
808,Willetta,Halla,Willetta.Halla@yopmail.com,5022283476,PNXPjFATfCZh
809,Yetty,Sharl,Yetty.Sharl@yopmail.com,4514875356,DIouZDT pORd
810,Camile,Reidar,Camile.Reidar@yopmail.com,1420020958,VLlnqMTDMmyp
811,Henriette,Korey,Henriette.Korey@yopmail.com,8895008295,qaYEhpfHvFoe
812,Ernesta,Sophronia,Ernesta.Sophronia@yopmail.com,8500172417,Ij Dsyhjgexfz
813,Rosaline,Helfand,Rosaline.Helfand@yopmail.com,7416596091,MjFDgieSavBHsBI
814,Stevana,Thema,Stevana.Thema@yopmail.com,3660085397,RyggXjQlMHXZt
815,Theodora,Jobi,Theodora.Jobi@yopmail.com,1960644476,ZtZmWMzTspQM
816,Delilah,Hewitt,Delilah.Hewitt@yopmail.com,1225159817,wdktXSgCACC
817,Aigneis,Carlson,Aigneis.Carlson@yopmail.com,3458401634,SKDlr xN GQkH
818,Leona,Dichy,Leona.Dichy@yopmail.com,5462157097,DIXPUZcQUENiSG
819,Carmencita,Milson,Carmencita.Milson@yopmail.com,1486940570,jhbbOqsaAMkZYy
820,Dagmar,Sherfield,Dagmar.Sherfield@yopmail.com,3260306833,bfEFgQYuHvywjI
821,Charmaine,Rheingold,Charmaine.Rheingold@yopmail.com,1316262475,hsYxrJGBmcVdGj
822,Kylynn,Lail,Kylynn.Lail@yopmail.com,5807292718,APoyAoCESsSK
823,Collen,Gaspard,Collen.Gaspard@yopmail.com,8363522852,whwhDekgwmsz
824,Barbara,Percy,Barbara.Percy@yopmail.com,6010491081,AfUyojMGxrriO
825,Vere,Clywd,Vere.Clywd@yopmail.com,8696611659,VPHzbGdZymXi
826,Maisey,Oster,Maisey.Oster@yopmail.com,9403136597,weYeNPjIscJpls
827,Emmey,Matthew,Emmey.Matthew@yopmail.com,9359520834,uDSYipOZOwjLUD
828,Henriette,Middleton,Henriette.Middleton@yopmail.com,9113730760,bCKEKVQgxfeDk
829,Ayn,Wyn,Ayn.Wyn@yopmail.com,6794079250,udqfpSYmqSpqeE
830,Alexine,Xerxes,Alexine.Xerxes@yopmail.com,1990138402,ctPmWrgBqDOkU P
831,Frances,Sandye,Frances.Sandye@yopmail.com,8896633021,nAkuFFUZrxcZpw
832,Pierette,Brenn,Pierette.Brenn@yopmail.com,9265409705,ZiVpTjVNIIQz
833,Ursulina,Astra,Ursulina.Astra@yopmail.com,3700379069,fufiUrhXnD
834,Cathie,Noman,Cathie.Noman@yopmail.com,9184991966,ZgnhrjRTdi
835,Tierney,Fabiola,Tierney.Fabiola@yopmail.com,2239763684,ynrVWKBMxaYiNZg
836,Karena,Neils,Karena.Neils@yopmail.com,3691670135,OcEZOBHWWIrdHbs
837,Livvyy,Rosemary,Livvyy.Rosemary@yopmail.com,4013187183,MpMpZmqhHKsMGXh
838,Carlie,Gemini,Carlie.Gemini@yopmail.com,9775476075,OBJziyjNzCVt
839,Stevana,Remmer,Stevana.Remmer@yopmail.com,3985093138,YdEPtKTSqjzS
840,Kirbee,Santoro,Kirbee.Santoro@yopmail.com,8995642258,fnvFpTZXXnkS
841,Norine,Harday,Norine.Harday@yopmail.com,4398294208,YfqFMFHmPRvt
842,Misha,Tound,Misha.Tound@yopmail.com,4504162517,SaEWvijpuFNv
843,Tiffie,Muriel,Tiffie.Muriel@yopmail.com,3211979657, cJmwlBtohD
844,Tera,Mandler,Tera.Mandler@yopmail.com,6655580217,uopoxhLiERFs
845,Camile,Grobe,Camile.Grobe@yopmail.com,6423502657,VkQIrBkDwr
846,Ericka,Wareing,Ericka.Wareing@yopmail.com,5004712749,CM loiYsfpwpvA
847,Zia,Garek,Zia.Garek@yopmail.com,6421890472,gJVhprquknsFw
848,Anestassia,Gale,Anestassia.Gale@yopmail.com,2536302207,mPPBIVSeToRVw
849,Averyl,Bluh,Averyl.Bluh@yopmail.com,5358141685,fXbBXQOXC s
850,Rori,Kevon,Rori.Kevon@yopmail.com,9406234812,tXxyOeTpKHRyJeR
851,Beatriz,Narton,Beatriz.Narton@yopmail.com,1407915417,EbhdzaSVpZRuJ
852,Jorry,Erlandson,Jorry.Erlandson@yopmail.com,4902692066,vDv KOXWWCGw
853,Farrah,Carleen,Farrah.Carleen@yopmail.com,5038762036,KatmdFwTnexlp
854,Elmira,Aprile,Elmira.Aprile@yopmail.com,2414285323,xjAnfprsGwIg
855,Bobbi,Bouchard,Bobbi.Bouchard@yopmail.com,5725088545,PwncLRrjsKf
856,Debee,Seumas,Debee.Seumas@yopmail.com,8065356297,LCggJZsXxRauyF
857,Georgetta,Milde,Georgetta.Milde@yopmail.com,6610743919,yKpnZtRYCpQcVS
858,Jinny,Yoko,Jinny.Yoko@yopmail.com,8073544459,aHAOmXyuAzXH
859,Alexine,Norrie,Alexine.Norrie@yopmail.com,4992842317,FElwrZAVcrEv
860,Jasmina,Modie,Jasmina.Modie@yopmail.com,3338719376,TjAzpNdeUSxMM
861,Gusella,Toor,Gusella.Toor@yopmail.com,5819032704,SvnHmMgXiPT
862,Orsola,Nester,Orsola.Nester@yopmail.com,2633225252,hWMRCMHSXjjY
863,Shandie,Edmund,Shandie.Edmund@yopmail.com,6582322856,ZDZcJfUAIWTE
864,Sallie,Karylin,Sallie.Karylin@yopmail.com,2676404244,mxzTrlDfobDcxly
865,Perry,Eugenia,Perry.Eugenia@yopmail.com,5817857921,gzSlOpMOYGvnv 
866,Cyb,Vharat,Cyb.Vharat@yopmail.com,5290621084,MwFo UcetjxyoN
867,Vita,Bollay,Vita.Bollay@yopmail.com,4365215015,inQDYSVSTS
868,Mariann,Kelula,Mariann.Kelula@yopmail.com,7844648622,CYTEYBhSEKx
869,Anallese,Lasley,Anallese.Lasley@yopmail.com,9177324043,HJVxajsCSBfSX
870,Neila,Rad,Neila.Rad@yopmail.com,3159660266,FkmtgPCzFiS
871,Felice,Velick,Felice.Velick@yopmail.com,5000553222,edESbsnvqzJV
872,Lisette,Nedrud,Lisette.Nedrud@yopmail.com,4109285791,VZrZyqXAOiiGZLC
873,Lonnie,Lanita,Lonnie.Lanita@yopmail.com,6215183689,YrhLdSUJAhI
874,Margette,McGrody,Margette.McGrody@yopmail.com,8483390901,umG AfdgDBAOe
875,Amalie,Lowry,Amalie.Lowry@yopmail.com,7538348124,WWBonfWUpQ
876,Joane,Rona,Joane.Rona@yopmail.com,6324363139,UWmqUtqUKse
877,Pearline,Septima,Pearline.Septima@yopmail.com,7598814223,dstpZgUeDXgfI
878,Sabina,Colleen,Sabina.Colleen@yopmail.com,3802732089,iGBqBMvFASO
879,Sidoney,Kesley,Sidoney.Kesley@yopmail.com,6998482370,ykwHrcZkAyBt
880,Brietta,Harned,Brietta.Harned@yopmail.com,9940671394,qVKkWNDBsrY
881,Michaelina,Swanhildas,Michaelina.Swanhildas@yopmail.com,4129633721,VrMkACTRtbgVOMm
882,Frieda,Buffum,Frieda.Buffum@yopmail.com,7283573449,DQIZnPukzDp
883,Janenna,Cimbura,Janenna.Cimbura@yopmail.com,8249776656,EvPrGuQwpGer
884,Brandise,Minetta,Brandise.Minetta@yopmail.com,5992160720,VWyH SnhtJDN
885,Bill,Morehouse,Bill.Morehouse@yopmail.com,5196582950,MTixzwGzNi
886,Nita,Janene,Nita.Janene@yopmail.com,9893337448,AbkupiFiLNXLR
887,Gisela,Felecia,Gisela.Felecia@yopmail.com,8944216856,eifWsjrxgtr
888,Tera,Woodberry,Tera.Woodberry@yopmail.com,4772900865,wVAnORRBinLj
889,Monika,Engdahl,Monika.Engdahl@yopmail.com,4452805057,pNmAVQpJgfXY
890,Petronia,Frodi,Petronia.Frodi@yopmail.com,7796977683,UZvvrJmOiMV
891,Jackie,Winnick,Jackie.Winnick@yopmail.com,7694762793,GyfvafgUXQkyPw
892,Babita,Judye,Babita.Judye@yopmail.com,9334635736,vCyhvOsQRClsAP
893,Dyann,Shaver,Dyann.Shaver@yopmail.com,4532589435,fuUBOmrowz
894,Suzette,Lipson,Suzette.Lipson@yopmail.com,3332867627,XPrCEQvszZcV
895,Brynna,Jefferey,Brynna.Jefferey@yopmail.com,8655988563,MSHlsQgwYmSu
896,Elena,Zrike,Elena.Zrike@yopmail.com,6279575709,AEqjdSm WNlKaUG
897,Zondra,Drus,Zondra.Drus@yopmail.com,7978750019,jzNTUQWQwhiUJFa
898,Keelia,Cassius,Keelia.Cassius@yopmail.com,8338412774,nJzWeDXqrRQC
899,Sophia,Sprage,Sophia.Sprage@yopmail.com,2947171145,HOLkRlvHnefGil
900,Max,Kalinda,Max.Kalinda@yopmail.com,4033774306,xBwFLBaVhhzKMlk
901,Dianemarie,Philoo,Dianemarie.Philoo@yopmail.com,4364091611, bKGvLTkOZwXZyV
902,Hollie,Kaja,Hollie.Kaja@yopmail.com,4535824618,jNUJDSMrsgROsnw
903,Gusella,Sallyann,Gusella.Sallyann@yopmail.com,2769374530,xGoRXnzrOyH
904,Cassandra,Ramona,Cassandra.Ramona@yopmail.com,4210825954,wFzhjLQvHsHL
905,Lilith,Flyn,Lilith.Flyn@yopmail.com,2905550711,OLiemrWLKRwEd
906,Joleen,Waldron,Joleen.Waldron@yopmail.com,1217658527,bYBsNqZEhTDCOMW
907,Ofilia,Burnside,Ofilia.Burnside@yopmail.com,9189858140,FhmBYwdmNFD
908,Nelle,Wilona,Nelle.Wilona@yopmail.com,7070482639,XtTZojERl K
909,Cristabel,Juliet,Cristabel.Juliet@yopmail.com,4472775247,ODSPQnMcSQaUl
910,Sibella,Cyrie,Sibella.Cyrie@yopmail.com,8808192658,dvlJIqP DBvPqbZ
911,Susan,Bergman,Susan.Bergman@yopmail.com,7410385428,NkfQBzObVgUAKfy
912,Andeee,Pitt,Andeee.Pitt@yopmail.com,2967481341,YDcQUGvPmHKrMHd
913,Violet,Alcott,Violet.Alcott@yopmail.com,3759530344,MOIKlFcjPBFcvj
914,Sybille,Minetta,Sybille.Minetta@yopmail.com,8206576887,qDaEKc TgwInMt
915,Renie,Masao,Renie.Masao@yopmail.com,2784580397,CvFyAaXunOO
916,Marguerite,Harned,Marguerite.Harned@yopmail.com,2665951012,dxQllaNUobkRP
917,Sam,Valoniah,Sam.Valoniah@yopmail.com,9411612136,oaBHSgoVWIh
918,Kate,Maurine,Kate.Maurine@yopmail.com,6352740292,x  fKZbGQu
919,Cindelyn,Skell,Cindelyn.Skell@yopmail.com,6610629196,QcViQuKEVDjENT
920,Myrtice,Kimmie,Myrtice.Kimmie@yopmail.com,7095992226,VGebRPyTVxWtE
921,Susette,Israeli,Susette.Israeli@yopmail.com,1471778669,lv  cyhVQCkyRB
922,Jere,Marsden,Jere.Marsden@yopmail.com,1713394592,IVqzFWNqzTuqsa
923,Viviene,Bury,Viviene.Bury@yopmail.com,3051173078,KHZGBlXGIPIxW
924,Britni,Alcott,Britni.Alcott@yopmail.com,8794741858,RJwg saEzd
925,Olivette,Lanita,Olivette.Lanita@yopmail.com,7091772903,IZbOXeuak 
926,Tami,Ambrosia,Tami.Ambrosia@yopmail.com,6635442659,wDshQW UllDiZ
927,Renie,Noam,Renie.Noam@yopmail.com,2838417482,UezgtPfIKy
928,Leontine,Shaver,Leontine.Shaver@yopmail.com,5416004160,PSGezJZKSY B
929,Mamie,Shirberg,Mamie.Shirberg@yopmail.com,3781536844,QjNXbHnuCqGnBp
930,Kylynn,Rolf,Kylynn.Rolf@yopmail.com,2100794973,WCKW BuGBituf
931,Kalina,Anis,Kalina.Anis@yopmail.com,6804325168,MiIEzOIyRRi
932,Beverley,Louanna,Beverley.Louanna@yopmail.com,8858414649,BQTasMTegEhXbaT
933,Christian,Phyllis,Christian.Phyllis@yopmail.com,7024602090,tdeTxqXobfwKlIH
934,Camile,Kalinda,Camile.Kalinda@yopmail.com,8504080058,fVCyjNiQwVyjJ
935,Gwyneth,Caitlin,Gwyneth.Caitlin@yopmail.com,5042184717,JrgYNvdKZxeL B
936,Jeanna,Colyer,Jeanna.Colyer@yopmail.com,4281716085,SXoldhDNhe
937,Andeee,Hessler,Andeee.Hessler@yopmail.com,5824075151,DqMJgyRcyr
938,Fanchon,Nedrud,Fanchon.Nedrud@yopmail.com,4523274199,FujBd EzbubtQKH
939,Joceline,Saunderson,Joceline.Saunderson@yopmail.com,8227215825,LtYccylbSVm
940,Antonietta,My,Antonietta.My@yopmail.com,6065972021,ZIeQbuYpTTbjxkQ
941,Carree,Kamaria,Carree.Kamaria@yopmail.com,8906253417,YDCTsznMDyvj
942,Clary,Wittie,Clary.Wittie@yopmail.com,2131169012,FkNZfIZTyUfqiRe
943,Wendi,Weinreb,Wendi.Weinreb@yopmail.com,7612466716,mNFOkVaFyVQo
944,Sibella,O'Carroll,Sibella.O'Carroll@yopmail.com,8750047187,bJOwFdRqiytrGv
945,Claresta,Garbe,Claresta.Garbe@yopmail.com,2618894778,HzLiywVNosGhs
946,Edyth,Koehler,Edyth.Koehler@yopmail.com,5080956063,N SYMxJHVkjp
947,Gabi,Cavan,Gabi.Cavan@yopmail.com,6926766627,NpxSWcWhrKJn
948,Jessamyn,Gillan,Jessamyn.Gillan@yopmail.com,2781771147,PjjcqSSziFB
949,Ricky,Myrilla,Ricky.Myrilla@yopmail.com,2591628548,GmRNZZboVONdYcx
950,Danika,Bevin,Danika.Bevin@yopmail.com,7243356027,HFJeoInatsN Js
951,Katharina,Halsey,Katharina.Halsey@yopmail.com,3861630290,cb mehvqtSmnN
952,Pierette,Koehler,Pierette.Koehler@yopmail.com,5547215229,qKL agQLWj
953,Antonietta,Helve,Antonietta.Helve@yopmail.com,7923392726,lXbYFAxKbOLm
954,Andree,Stelle,Andree.Stelle@yopmail.com,3665063905,AghZausmrkO
955,Chastity,Tillford,Chastity.Tillford@yopmail.com,2228280045,F IJKgYJxYW
956,Angela,Wind,Angela.Wind@yopmail.com,8657220916,HzmcqqZFzYdve
957,Marylou,Tatianas,Marylou.Tatianas@yopmail.com,1473936970,FgFOvuImIw
958,Stephanie,Saint,Stephanie.Saint@yopmail.com,3802948552,aXYDUdFTdYK
959,Ezmeralda,Curren,Ezmeralda.Curren@yopmail.com,3013897304,YcqaoIZsBa
960,Cristine,Rooney,Cristine.Rooney@yopmail.com,4234574199,vugePBmuYjs
961,Bill,Rozanna,Bill.Rozanna@yopmail.com,7333100395,HdyNXyhMdncK
962,Wileen,Bonucci,Wileen.Bonucci@yopmail.com,8893340973,MOcIIMgYRy
963,Tressa,Catie,Tressa.Catie@yopmail.com,6736442001,TAFiqovpPwzKB
964,Shel,Gahl,Shel.Gahl@yopmail.com,9443177998,DclpayZSnLK
965,Tressa,Gombach,Tressa.Gombach@yopmail.com,4873469047,beeQrlnsGmAvA
966,Caryl,Frodi,Caryl.Frodi@yopmail.com,9983467406,oYVomuOWSRhFeWP
967,Andree,Robertson,Andree.Robertson@yopmail.com,3759887444,RMoLgZeCDV
968,Letizia,Borrell,Letizia.Borrell@yopmail.com,7418654056,priMvXdmMeq
969,Kellen,Callista,Kellen.Callista@yopmail.com,4792393308,HOOvOqVHVQPazox
970,Shauna,Morehouse,Shauna.Morehouse@yopmail.com,4333379735,kQOGOQDffJxokk
971,Britni,Lane,Britni.Lane@yopmail.com,5655026509,xrHnUBZEisGG
972,Lorenza,Toni,Lorenza.Toni@yopmail.com,4416670883,mezA PHfauukw
973,Helena,Francyne,Helena.Francyne@yopmail.com,8976353008,hulYpotduRPzw
974,Eolanda,Dowski,Eolanda.Dowski@yopmail.com,7246271111,ZYxnAvsu Z
975,Gwenneth,Yam,Gwenneth.Yam@yopmail.com,6727583979,ntjpjtJlbf
976,Hettie,Dituri,Hettie.Dituri@yopmail.com,8188094330,vZNemZVuzcCvy
977,Alameda,Angelis,Alameda.Angelis@yopmail.com,4573565451,USomwiESQtX
978,Lindie,Tyson,Lindie.Tyson@yopmail.com,3457298495,BBOgqRlbAwLiNp
979,Valli,Anastatius,Valli.Anastatius@yopmail.com,1372713289,tnDTOXyLGjZY
980,Sheree,Armanda,Sheree.Armanda@yopmail.com,1401106018,UbOSzEIbHDS
981,Bertine,Rosette,Bertine.Rosette@yopmail.com,9144890515,wMmFMtFfPoB
982,Valli,Sothena,Valli.Sothena@yopmail.com,5760252252,pDf oUpQil
983,Selma,Malina,Selma.Malina@yopmail.com,8615098905,tChizfHQjc
984,Halette,Felecia,Halette.Felecia@yopmail.com,6243752649,jjsRDZMcrirh
985,Cyb,Rodmann,Cyb.Rodmann@yopmail.com,9050589648,zkVkvlrPalgBqx 
986,Verla,Winthorpe,Verla.Winthorpe@yopmail.com,4472033119,BTNbfPtHRs
987,Nikki,McCutcheon,Nikki.McCutcheon@yopmail.com,5641766440,LaRgO GzEvHxyG
988,Helena,Caitlin,Helena.Caitlin@yopmail.com,8613195560,lEXMcVFTgfgti
989,Brianna,Marcellus,Brianna.Marcellus@yopmail.com,7930025026,pRrIvaoZbWmBdoa
990,Tomasina,Aprile,Tomasina.Aprile@yopmail.com,4617501316,dFIPzMOHex
991,Aimil,Miru,Aimil.Miru@yopmail.com,7320309112,ywKqeeHQdeejAk
992,Carly,Tound,Carly.Tound@yopmail.com,2886547763,BIKaOFdexiPXM
993,Lisette,Havens,Lisette.Havens@yopmail.com,2887150562,LFoTtjChheSp 
994,Shaine,Kesley,Shaine.Kesley@yopmail.com,2637987971,HctuWwkxlnt
995,Sashenka,Ball,Sashenka.Ball@yopmail.com,5517081714,wUetdLRdUdJ
996,Goldie,Sherrie,Goldie.Sherrie@yopmail.com,3477146595,AltfKPZrfkKrgB
997,Heida,Voletta,Heida.Voletta@yopmail.com,3345459683,TxGKYjgBmkoDS
998,Carmencita,Allys,Carmencita.Allys@yopmail.com,9395219534,viDckfwPGcZ
999,Margette,Ade,Margette.Ade@yopmail.com,8937943174,UlgLBsxCbUrap
1000,Shirlee,Paton,Shirlee.Paton@yopmail.com,7497906567,foixyOGM fOrl
1001,Ronna,Syd,Ronna.Syd@yopmail.com,4761626876,zpdpNni EUNlD
1002,Bibby,Weaks,Bibby.Weaks@yopmail.com,6266856955,pyQkTnLhsx
1003,Alyda,Shields,Alyda.Shields@yopmail.com,2494804709,vZpCxLmxioZ
1004,Anestassia,Anis,Anestassia.Anis@yopmail.com,3888826371,WT JyKeKVgViV
1005,Pearline,Grobe,Pearline.Grobe@yopmail.com,3645142912,BtgikPodKny
1006,Jere,Sherfield,Jere.Sherfield@yopmail.com,9368660860,NeHNqgIXwD
1007,Cecile,Goddard,Cecile.Goddard@yopmail.com,8975452555,PQskCzHumvW
1008,Merle,Merell,Merle.Merell@yopmail.com,4207803215,OWHcyRpdLT
1009,Cristine,Wareing,Cristine.Wareing@yopmail.com,4630298748,skquzgPMFnH
1010,Leanna,Klemperer,Leanna.Klemperer@yopmail.com,7552067628,GCXasjxTprFhy
1011,Jan,Sancho,Jan.Sancho@yopmail.com,4434801216,qhlvuPYjmKZfyXo
1012,Dennie,Hertzfeld,Dennie.Hertzfeld@yopmail.com,5401675929,vsiDQxetQWvh
1013,Brianna,Giff,Brianna.Giff@yopmail.com,1641751143,qCe IzBLbgzzcJ
1014,Sarette,Bergman,Sarette.Bergman@yopmail.com,6427523297,WYqcFLrSeBRtUP
1015,Lanae,Autrey,Lanae.Autrey@yopmail.com,2570519939,otaorGOjVBoluU
1016,Veda,Granoff,Veda.Granoff@yopmail.com,2215702337,dFc cMBBHd
1017,Pollyanna,Ethban,Pollyanna.Ethban@yopmail.com,7794682684,VufIKWJGDEGJJyr
1018,Delilah,Sikorski,Delilah.Sikorski@yopmail.com,7826462669,CzyOSaKyabIcqjq
1019,Kelly,Linskey,Kelly.Linskey@yopmail.com,2923592507,lpWAuUQleMYqfff
1020,Elie,Stevy,Elie.Stevy@yopmail.com,2094592943,YUVvpYivkrefE
1021,Gilda,Ariella,Gilda.Ariella@yopmail.com,7794312954,hwotryKMyWP
1022,Melodie,Podvin,Melodie.Podvin@yopmail.com,1233141952,XXjouXbDojn
1023,Carilyn,Carey,Carilyn.Carey@yopmail.com,7230998660,YeARSnjMPiXH
1024,Max,Korey,Max.Korey@yopmail.com,4160565358,GDhtucUziUme
1025,Olwen,Norrie,Olwen.Norrie@yopmail.com,4784829865,JPKMdjpfjzt
1026,Melanie,Hedve,Melanie.Hedve@yopmail.com,4632812580,YrjPnAmDWCj
1027,Annice,Gillan,Annice.Gillan@yopmail.com,6734907200,YQwhbngYpCzr
1028,Dede,Nicoline,Dede.Nicoline@yopmail.com,7815759483,gCBwxJgwKuVrc
1029,Pamella,Skurnik,Pamella.Skurnik@yopmail.com,7262989840,FiiUwP MuCiW
1030,Lorne,Wyn,Lorne.Wyn@yopmail.com,3620393825,uvQ uNFlJIBqIZ
1031,Helena,Dawkins,Helena.Dawkins@yopmail.com,5983934726,KhXYHjNWyZH
1032,Gilligan,Heidt,Gilligan.Heidt@yopmail.com,9692401023,kEWxqQJFMYeyBAt
1033,Maisey,Hedve,Maisey.Hedve@yopmail.com,7702142352,DLrnjuiWLwGHb
1034,Nataline,O'Carroll,Nataline.O'Carroll@yopmail.com,7062435721,lBxWIeFRcnY 
1035,Evita,Phyllis,Evita.Phyllis@yopmail.com,6526943247,YAvSWmIriQzui
1036,Paule,Parsaye,Paule.Parsaye@yopmail.com,6001917477,BucNtHLwek
1037,Jerry,Bollay,Jerry.Bollay@yopmail.com,2409818720,EEaSVMYIIjNNFp
1038,Aaren,Boycey,Aaren.Boycey@yopmail.com,6969013388,cLxKsEJWkMdndw
1039,Orelia,Reinke,Orelia.Reinke@yopmail.com,9422166267,Vijma KWlkYs
1040,Jillayne,Tice,Jillayne.Tice@yopmail.com,7008165614,zCHiBaxeifG
1041,Diena,Publia,Diena.Publia@yopmail.com,4802786500,zAFzzLbIwHvENP
1042,Selma,Monk,Selma.Monk@yopmail.com,1515214228,tuVJS Akos Dkp
1043,Edyth,Berard,Edyth.Berard@yopmail.com,3507784022,BLopoLTqDhAvbqT
1044,Kristan,Mott,Kristan.Mott@yopmail.com,7910708298,gsFgnj BcLDT
1045,Marnia,Justinn,Marnia.Justinn@yopmail.com,7624106156,oWtnoHtytEyGRlC
1046,Ninnetta,Jarib,Ninnetta.Jarib@yopmail.com,1545612525,MMnaaEeT SfTQv
1047,Jerry,Manolo,Jerry.Manolo@yopmail.com,6797043606,qrJlKnallQLa
1048,Magdalena,Fairweather,Magdalena.Fairweather@yopmail.com,4879340615,PtUJUahdnyO
1049,Laurene,Ophelia,Laurene.Ophelia@yopmail.com,6673765275,mVykWVYoKiW
1050,Dyann,Fiester,Dyann.Fiester@yopmail.com,9425278731,dMCX SEThF
1051,Belinda,Syd,Belinda.Syd@yopmail.com,1268840923,eqiOGM VJeWTsL
1052,Ashlee,Fleeta,Ashlee.Fleeta@yopmail.com,9783888785,nshSSAkKFITu
1053,Beatriz,Brady,Beatriz.Brady@yopmail.com,5291387962,zCQHSZfecg
1054,Elora,Audly,Elora.Audly@yopmail.com,1614402166,PgbErPPfWnWPr
1055,Carolina,Gladstone,Carolina.Gladstone@yopmail.com,1989975901,BANClhTgMrBHjy
1056,Katharina,Trace,Katharina.Trace@yopmail.com,9040755712,ePfCenAYPErqTg
1057,Laure,Kronfeld,Laure.Kronfeld@yopmail.com,1699903138,TIfvyABfkrhftGX
1058,Ruthe,Torray,Ruthe.Torray@yopmail.com,6785810855,kPmwAXItWcsxfz
1059,Andree,Ezar,Andree.Ezar@yopmail.com,9792552297,yXtn wmapRUKoRm
1060,Fredericka,Vorster,Fredericka.Vorster@yopmail.com,5828375455,CGuhjY Vhnf
1061,Binny,Sparhawk,Binny.Sparhawk@yopmail.com,4908560765,U uoeHhKyzL
1062,Audrie,Wenda,Audrie.Wenda@yopmail.com,9451801608,kMzuDVwHjaiEHuN
1063,Estell,Romelda,Estell.Romelda@yopmail.com,3137485225,vdnzQeZxru
1064,Stevana,Bertold,Stevana.Bertold@yopmail.com,8865767976,JldhsrNC hywg
1065,Iseabal,Alfons,Iseabal.Alfons@yopmail.com,4604258156,TuOD lzSzOxOTbI
1066,Zia,Pascia,Zia.Pascia@yopmail.com,8720626054,xzgXTITahGridhm
1067,Annora,Macey,Annora.Macey@yopmail.com,1246064251,pUEZvcPSudWWtF
1068,Doralynne,Oscar,Doralynne.Oscar@yopmail.com,5226094444,EJnWzzaGQUq
1069,Tatiania,Guildroy,Tatiania.Guildroy@yopmail.com,3629219042,bfSZzQVYJiBNXy
1070,Minne,Bari,Minne.Bari@yopmail.com,8292855924,EEzBbCYPhHep
1071,Brena,Lamoree,Brena.Lamoree@yopmail.com,7138100169,SHsfBXherLa
1072,Sashenka,Shaver,Sashenka.Shaver@yopmail.com,9050379921,DfRCqelSzRDGaQo
1073,Dorothy,Hollingsworth,Dorothy.Hollingsworth@yopmail.com,6468671991,aHUOWqInmSAzj
1074,Sean,Olnee,Sean.Olnee@yopmail.com,2654228009,wnAxykOzeg
1075,Lynde,Honoria,Lynde.Honoria@yopmail.com,9125355419,nTKOZhXGVF
1076,Dania,Ivens,Dania.Ivens@yopmail.com,2653602654,viIXigbChc
1077,Sam,Bettine,Sam.Bettine@yopmail.com,7120474197,OGactDDOPX
1078,Frances,Stilwell,Frances.Stilwell@yopmail.com,5785626327,YJZTEtqoAvWPW
1079,Ricky,Cherianne,Ricky.Cherianne@yopmail.com,2849351787,ihqaykTnkQKYj A
1080,Dagmar,Even,Dagmar.Even@yopmail.com,7255905721,WQGkhKFzcrKtc
1081,Petronia,Daegal,Petronia.Daegal@yopmail.com,6586615858,yQdHLYZX zl
1082,Silvana,Kosey,Silvana.Kosey@yopmail.com,9145048587,zJRWWJKdDCxY
1083,Bobbi,Faso,Bobbi.Faso@yopmail.com,7083352785,GryqfoYmZih
1084,Oralee,Honoria,Oralee.Honoria@yopmail.com,6337979214,LLJZbbAvDHhXGBM
1085,Zaria,Astra,Zaria.Astra@yopmail.com,3841793619,ncwtSMsxUz
1086,Alleen,Pierette,Alleen.Pierette@yopmail.com,7762360108,UjxGwKBnYi
1087,Celestyna,Junie,Celestyna.Junie@yopmail.com,5858489945,TLFFpaEkibgy
1088,Ketti,Travax,Ketti.Travax@yopmail.com,2503017997,tmcNCRIwUdSVSr
1089,Ebonee,Lea,Ebonee.Lea@yopmail.com,3336587624,oPDssiauUu
1090,Alyda,Fax,Alyda.Fax@yopmail.com,4516190554,YfIt QTbSPNi
1091,Ardeen,Dahlia,Ardeen.Dahlia@yopmail.com,1681202996,p IuNMEwYG
1092,Winifred,Lail,Winifred.Lail@yopmail.com,3324288835,j vjdchhbb
1093,Ariela,Moseley,Ariela.Moseley@yopmail.com,5425115700,bgiUacnGjbh
1094,Tani,Ehrman,Tani.Ehrman@yopmail.com,9916869037,iqtHJII d dpe
1095,Chastity,Arvo,Chastity.Arvo@yopmail.com,2851097629,yyHihewZntzR
1096,Edith,Ries,Edith.Ries@yopmail.com,1241889720,VgYdSpFIAdjv
1097,Gui,Wolfgram,Gui.Wolfgram@yopmail.com,1858170127,AbMyYLtxfwl
1098,Miquela,Orelee,Miquela.Orelee@yopmail.com,8500193335,wfdDxuUvtj
1099,Odessa,Narton,Odessa.Narton@yopmail.com,4070043798,OZbTuOzhDMolARz
